-- MySQL dump 10.13  Distrib 5.5.32, for Linux (x86_64)
--
-- Host: sql2.lab.ic.unicamp.br    Database: mc536indb20
-- ------------------------------------------------------
-- Server version	5.0.77

/*!40101 SET @OLD_CHARACTER_SET_CLIENT=@@CHARACTER_SET_CLIENT */;
/*!40101 SET @OLD_CHARACTER_SET_RESULTS=@@CHARACTER_SET_RESULTS */;
/*!40101 SET @OLD_COLLATION_CONNECTION=@@COLLATION_CONNECTION */;
/*!40101 SET NAMES utf8 */;
/*!40103 SET @OLD_TIME_ZONE=@@TIME_ZONE */;
/*!40103 SET TIME_ZONE='+00:00' */;
/*!40014 SET @OLD_UNIQUE_CHECKS=@@UNIQUE_CHECKS, UNIQUE_CHECKS=0 */;
/*!40014 SET @OLD_FOREIGN_KEY_CHECKS=@@FOREIGN_KEY_CHECKS, FOREIGN_KEY_CHECKS=0 */;
/*!40101 SET @OLD_SQL_MODE=@@SQL_MODE, SQL_MODE='NO_AUTO_VALUE_ON_ZERO' */;
/*!40111 SET @OLD_SQL_NOTES=@@SQL_NOTES, SQL_NOTES=0 */;

--
-- Not dumping tablespaces as no INFORMATION_SCHEMA.FILES table on this server
--

--
-- Table structure for table `ARTISTAS_MUSICAIS`
--

DROP TABLE IF EXISTS `ARTISTAS_MUSICAIS`;
/*!40101 SET @saved_cs_client     = @@character_set_client */;
/*!40101 SET character_set_client = utf8 */;
CREATE TABLE `ARTISTAS_MUSICAIS` (
  `URI` varchar(100) NOT NULL,
  `PAIS` varchar(40) NOT NULL,
  `GENERO` varchar(40) NOT NULL,
  `NOME_ARTISTICO` varchar(40) NOT NULL,
  PRIMARY KEY  (`URI`)
) ENGINE=InnoDB DEFAULT CHARSET=latin1;
/*!40101 SET character_set_client = @saved_cs_client */;

--
-- Dumping data for table `ARTISTAS_MUSICAIS`
--

LOCK TABLES `ARTISTAS_MUSICAIS` WRITE;
/*!40000 ALTER TABLE `ARTISTAS_MUSICAIS` DISABLE KEYS */;
INSERT INTO `ARTISTAS_MUSICAIS` VALUES ('http://en.wikipedia.org/wiki/%C3%89_o_Tchan!','','',''),('http://en.wikipedia.org/wiki/1349_%28band%29','','',''),('http://en.wikipedia.org/wiki/AC/DC','','',''),('http://en.wikipedia.org/wiki/Acdc','','',''),('http://en.wikipedia.org/wiki/Adele','','',''),('http://en.wikipedia.org/wiki/After_forever','','',''),('http://en.wikipedia.org/wiki/Apocalyptica','','',''),('http://en.wikipedia.org/wiki/Arcade_Fire','','',''),('http://en.wikipedia.org/wiki/Artic_monkeys','','',''),('http://en.wikipedia.org/wiki/Art_Blakey','','',''),('http://en.wikipedia.org/wiki/Avenged_Sevenfold','','',''),('http://en.wikipedia.org/wiki/Barenaked_ladies','','',''),('http://en.wikipedia.org/wiki/Beatles','','',''),('http://en.wikipedia.org/wiki/Bill_Stewart_%28musician%29','','',''),('http://en.wikipedia.org/wiki/Bjork','','',''),('http://en.wikipedia.org/wiki/Blackfield','','',''),('http://en.wikipedia.org/wiki/Black_Sabbath','','',''),('http://en.wikipedia.org/wiki/Blink-182','','',''),('http://en.wikipedia.org/wiki/Bob_marley','','',''),('http://en.wikipedia.org/wiki/Bolt_Thrower','','',''),('http://en.wikipedia.org/wiki/Bring_Me_the_Horizon','','',''),('http://en.wikipedia.org/wiki/Burzum','','',''),('http://en.wikipedia.org/wiki/Bush_%28band%29','','',''),('http://en.wikipedia.org/wiki/Caetano_Veloso','','',''),('http://en.wikipedia.org/wiki/Cannibal_Corpse','','',''),('http://en.wikipedia.org/wiki/Capital_Inicial','','',''),('http://en.wikipedia.org/wiki/Carpathian_Forest','','',''),('http://en.wikipedia.org/wiki/Celtic_Frost','','',''),('http://en.wikipedia.org/wiki/Charlie_brown_jr','','',''),('http://en.wikipedia.org/wiki/Chick_Corea','','',''),('http://en.wikipedia.org/wiki/CPM22','','',''),('http://en.wikipedia.org/wiki/CPM_22','','',''),('http://en.wikipedia.org/wiki/Daft_Punk','','',''),('http://en.wikipedia.org/wiki/Darkthrone','','',''),('http://en.wikipedia.org/wiki/Death_Cab_for_Cutie','','',''),('http://en.wikipedia.org/wiki/Detonautas','','',''),('http://en.wikipedia.org/wiki/Dire_Straits','','',''),('http://en.wikipedia.org/wiki/Dizzie_Gillespie','','',''),('http://en.wikipedia.org/wiki/Djavan','','',''),('http://en.wikipedia.org/wiki/DragonForce','','',''),('http://en.wikipedia.org/wiki/Eels','','',''),('http://en.wikipedia.org/wiki/Eminem','','',''),('http://en.wikipedia.org/wiki/Enya','','',''),('http://en.wikipedia.org/wiki/Epica_%28band%29','','',''),('http://en.wikipedia.org/wiki/Eric_Clapton','','',''),('http://en.wikipedia.org/wiki/Erik_clapton','','',''),('http://en.wikipedia.org/wiki/Escape_the_Fate','','',''),('http://en.wikipedia.org/wiki/Foo_Fighters','','',''),('http://en.wikipedia.org/wiki/Galaxie_500','','',''),('http://en.wikipedia.org/wiki/Godsmack','','',''),('http://en.wikipedia.org/wiki/Goldfinger_%28band%29','','',''),('http://en.wikipedia.org/wiki/Gorgoroth','','',''),('http://en.wikipedia.org/wiki/Green_Day','','',''),('http://en.wikipedia.org/wiki/Guns_N%27_Roses','','',''),('http://en.wikipedia.org/wiki/Herbie_Hancock','','',''),('http://en.wikipedia.org/wiki/He_Is_We','','',''),('http://en.wikipedia.org/wiki/Iron_maiden','','',''),('http://en.wikipedia.org/wiki/Joao_Gilberto','','',''),('http://en.wikipedia.org/wiki/Jorge_Vercilo','','',''),('http://en.wikipedia.org/wiki/Jota_Quest','','',''),('http://en.wikipedia.org/wiki/Joy_Division','','',''),('http://en.wikipedia.org/wiki/Justin_Bieber','','',''),('http://en.wikipedia.org/wiki/Kavinsky','','',''),('http://en.wikipedia.org/wiki/Kiss_(band)','','',''),('http://en.wikipedia.org/wiki/Kittie','','',''),('http://en.wikipedia.org/wiki/Led_zeppelin','','',''),('http://en.wikipedia.org/wiki/Legi%C3%A3o_Urbana','','',''),('http://en.wikipedia.org/wiki/Limp_Bizkit','','',''),('http://en.wikipedia.org/wiki/Linkin_Park','','',''),('http://en.wikipedia.org/wiki/Lostprophets','','',''),('http://en.wikipedia.org/wiki/Lulu_Santos','','',''),('http://en.wikipedia.org/wiki/Lynryd_Skynyrd','','',''),('http://en.wikipedia.org/wiki/M83','','',''),('http://en.wikipedia.org/wiki/Marisa_Monte','','',''),('http://en.wikipedia.org/wiki/Megadeth','','',''),('http://en.wikipedia.org/wiki/Meshuggah','','',''),('http://en.wikipedia.org/wiki/Metallica','','',''),('http://en.wikipedia.org/wiki/Mike_Portnoy','','',''),('http://en.wikipedia.org/wiki/Miles_Davis','','',''),('http://en.wikipedia.org/wiki/Mogwai','','',''),('http://en.wikipedia.org/wiki/My_Bloody_Valentine','','',''),('http://en.wikipedia.org/wiki/Nat_King_Cole','','',''),('http://en.wikipedia.org/wiki/Nightwish','','',''),('http://en.wikipedia.org/wiki/Nirvana','','',''),('http://en.wikipedia.org/wiki/Nirvana_%28band%29','','',''),('http://en.wikipedia.org/wiki/No_doubt','','',''),('http://en.wikipedia.org/wiki/NX_Zero','','',''),('http://en.wikipedia.org/wiki/Offspring','','',''),('http://en.wikipedia.org/wiki/Of_Monsters_and_Men','','',''),('http://en.wikipedia.org/wiki/Ozzy_Osbourne','','',''),('http://en.wikipedia.org/wiki/Pantera','','',''),('http://en.wikipedia.org/wiki/Papa_Roach','','',''),('http://en.wikipedia.org/wiki/Paramore','','',''),('http://en.wikipedia.org/wiki/Pearl_jam','','',''),('http://en.wikipedia.org/wiki/Pink_Floyd','','',''),('http://en.wikipedia.org/wiki/Pitty','','',''),('http://en.wikipedia.org/wiki/Priestess_%28band%29','','',''),('http://en.wikipedia.org/wiki/Queen','','',''),('http://en.wikipedia.org/wiki/Queen_(band)','','',''),('http://en.wikipedia.org/wiki/Ray_charles','','',''),('http://en.wikipedia.org/wiki/Red_Hot_Chili_Peppers','','',''),('http://en.wikipedia.org/wiki/Roberto_Frejat','','',''),('http://en.wikipedia.org/wiki/Ronnie_James_Dio','','',''),('http://en.wikipedia.org/wiki/Rooney_(band)','','',''),('http://en.wikipedia.org/wiki/Rush_(band)','','',''),('http://en.wikipedia.org/wiki/Satyricon_%28band%29','','',''),('http://en.wikipedia.org/wiki/Scorpions','','',''),('http://en.wikipedia.org/wiki/Serj_tankian','','',''),('http://en.wikipedia.org/wiki/Shaman_%28Brazilian_band%29','','',''),('http://en.wikipedia.org/wiki/Shining_%28Swedish_band%29','','',''),('http://en.wikipedia.org/wiki/Simon_%26_Garfunkel','','',''),('http://en.wikipedia.org/wiki/Slayer','','',''),('http://en.wikipedia.org/wiki/Slipknot_%28band%29','','',''),('http://en.wikipedia.org/wiki/Slowdive','','',''),('http://en.wikipedia.org/wiki/Stevie_Ray_Vaughan','','',''),('http://en.wikipedia.org/wiki/Sum_41','','',''),('http://en.wikipedia.org/wiki/System_of_a_down','','',''),('http://en.wikipedia.org/wiki/Thelonious_monk','','',''),('http://en.wikipedia.org/wiki/The_Ataris','','',''),('http://en.wikipedia.org/wiki/The_Beatles','','',''),('http://en.wikipedia.org/wiki/The_Black_Keys','','',''),('http://en.wikipedia.org/wiki/The_Killers','','',''),('http://en.wikipedia.org/wiki/The_Offspring','','',''),('http://en.wikipedia.org/wiki/Tom_Jobim','','',''),('http://en.wikipedia.org/wiki/Toto_%28band%29','','',''),('http://en.wikipedia.org/wiki/Tristania_%28band%29','','',''),('http://en.wikipedia.org/wiki/U2','','',''),('http://en.wikipedia.org/wiki/Van_Halen','','',''),('http://en.wikipedia.org/wiki/Voix_Bulgares','','',''),('http://en.wikipedia.org/wiki/Willie_nelson','','',''),('http://en.wikipedia.org/wiki/Within_Temptation','','','');
/*!40000 ALTER TABLE `ARTISTAS_MUSICAIS` ENABLE KEYS */;
UNLOCK TABLES;

--
-- Table structure for table `AVALIACOES`
--

DROP TABLE IF EXISTS `AVALIACOES`;
/*!40101 SET @saved_cs_client     = @@character_set_client */;
/*!40101 SET character_set_client = utf8 */;
CREATE TABLE `AVALIACOES` (
  `USUARIO` varchar(100) NOT NULL,
  `ARTISTA` varchar(100) NOT NULL,
  `NOTA` int(11) NOT NULL,
  PRIMARY KEY  (`USUARIO`,`ARTISTA`),
  KEY `ARTISTA` (`ARTISTA`),
  CONSTRAINT `AVALIACOES_ibfk_1` FOREIGN KEY (`USUARIO`) REFERENCES `PESSOAS` (`URI`) ON DELETE CASCADE ON UPDATE CASCADE,
  CONSTRAINT `AVALIACOES_ibfk_2` FOREIGN KEY (`ARTISTA`) REFERENCES `ARTISTAS_MUSICAIS` (`URI`) ON DELETE CASCADE ON UPDATE NO ACTION
) ENGINE=InnoDB DEFAULT CHARSET=latin1;
/*!40101 SET character_set_client = @saved_cs_client */;

--
-- Dumping data for table `AVALIACOES`
--

LOCK TABLES `AVALIACOES` WRITE;
/*!40000 ALTER TABLE `AVALIACOES` DISABLE KEYS */;
INSERT INTO `AVALIACOES` VALUES ('http://www.ic.unicamp.br/MC536/2013/2/allanbarboza','http://en.wikipedia.org/wiki/Bring_Me_the_Horizon',4),('http://www.ic.unicamp.br/MC536/2013/2/allanbarboza','http://en.wikipedia.org/wiki/Death_Cab_for_Cutie',5),('http://www.ic.unicamp.br/MC536/2013/2/allanbarboza','http://en.wikipedia.org/wiki/Escape_the_Fate',4),('http://www.ic.unicamp.br/MC536/2013/2/allanbarboza','http://en.wikipedia.org/wiki/Lostprophets',4),('http://www.ic.unicamp.br/MC536/2013/2/allanbarboza','http://en.wikipedia.org/wiki/Rooney_(band)',4),('http://www.ic.unicamp.br/MC536/2013/2/allanbarboza','http://en.wikipedia.org/wiki/The_Ataris',5),('http://www.ic.unicamp.br/MC536/2013/2/allanbarboza','http://en.wikipedia.org/wiki/The_Killers',5),('http://www.ic.unicamp.br/MC536/2013/2/anthonyferreira','http://en.wikipedia.org/wiki/Acdc',5),('http://www.ic.unicamp.br/MC536/2013/2/anthonyferreira','http://en.wikipedia.org/wiki/Enya',3),('http://www.ic.unicamp.br/MC536/2013/2/anthonyferreira','http://en.wikipedia.org/wiki/Eric_Clapton',5),('http://www.ic.unicamp.br/MC536/2013/2/anthonyferreira','http://en.wikipedia.org/wiki/Iron_maiden',5),('http://www.ic.unicamp.br/MC536/2013/2/anthonyferreira','http://en.wikipedia.org/wiki/Kiss_(band)',3),('http://www.ic.unicamp.br/MC536/2013/2/anthonyferreira','http://en.wikipedia.org/wiki/Led_zeppelin',5),('http://www.ic.unicamp.br/MC536/2013/2/anthonyferreira','http://en.wikipedia.org/wiki/Metallica',5),('http://www.ic.unicamp.br/MC536/2013/2/anthonyferreira','http://en.wikipedia.org/wiki/Of_Monsters_and_Men',4),('http://www.ic.unicamp.br/MC536/2013/2/anthonyferreira','http://en.wikipedia.org/wiki/Ozzy_Osbourne',4),('http://www.ic.unicamp.br/MC536/2013/2/anthonyferreira','http://en.wikipedia.org/wiki/Pearl_jam',3),('http://www.ic.unicamp.br/MC536/2013/2/anthonyferreira','http://en.wikipedia.org/wiki/Ronnie_James_Dio',5),('http://www.ic.unicamp.br/MC536/2013/2/anthonyferreira','http://en.wikipedia.org/wiki/Rush_(band)',4),('http://www.ic.unicamp.br/MC536/2013/2/anthonyferreira','http://en.wikipedia.org/wiki/System_of_a_down',1),('http://www.ic.unicamp.br/MC536/2013/2/anthonyferreira','http://en.wikipedia.org/wiki/The_Beatles',5),('http://www.ic.unicamp.br/MC536/2013/2/anthonyferreira','http://en.wikipedia.org/wiki/U2',5),('http://www.ic.unicamp.br/MC536/2013/2/anthonyferreira','http://en.wikipedia.org/wiki/Van_Halen',3),('http://www.ic.unicamp.br/MC536/2013/2/brunovilar','http://en.wikipedia.org/wiki/Acdc',4),('http://www.ic.unicamp.br/MC536/2013/2/brunovilar','http://en.wikipedia.org/wiki/After_forever',3),('http://www.ic.unicamp.br/MC536/2013/2/brunovilar','http://en.wikipedia.org/wiki/Apocalyptica',4),('http://www.ic.unicamp.br/MC536/2013/2/brunovilar','http://en.wikipedia.org/wiki/Avenged_Sevenfold',5),('http://www.ic.unicamp.br/MC536/2013/2/brunovilar','http://en.wikipedia.org/wiki/Bob_marley',5),('http://www.ic.unicamp.br/MC536/2013/2/brunovilar','http://en.wikipedia.org/wiki/Bush_%28band%29',4),('http://www.ic.unicamp.br/MC536/2013/2/brunovilar','http://en.wikipedia.org/wiki/Enya',3),('http://www.ic.unicamp.br/MC536/2013/2/brunovilar','http://en.wikipedia.org/wiki/Epica_%28band%29',5),('http://www.ic.unicamp.br/MC536/2013/2/brunovilar','http://en.wikipedia.org/wiki/Foo_Fighters',4),('http://www.ic.unicamp.br/MC536/2013/2/brunovilar','http://en.wikipedia.org/wiki/Godsmack',5),('http://www.ic.unicamp.br/MC536/2013/2/brunovilar','http://en.wikipedia.org/wiki/He_Is_We',4),('http://www.ic.unicamp.br/MC536/2013/2/brunovilar','http://en.wikipedia.org/wiki/Kittie',4),('http://www.ic.unicamp.br/MC536/2013/2/brunovilar','http://en.wikipedia.org/wiki/Megadeth',5),('http://www.ic.unicamp.br/MC536/2013/2/brunovilar','http://en.wikipedia.org/wiki/Metallica',5),('http://www.ic.unicamp.br/MC536/2013/2/brunovilar','http://en.wikipedia.org/wiki/No_doubt',2),('http://www.ic.unicamp.br/MC536/2013/2/brunovilar','http://en.wikipedia.org/wiki/Pearl_jam',5),('http://www.ic.unicamp.br/MC536/2013/2/brunovilar','http://en.wikipedia.org/wiki/Tristania_%28band%29',4),('http://www.ic.unicamp.br/MC536/2013/2/brunovilar','http://en.wikipedia.org/wiki/Within_Temptation',3),('http://www.ic.unicamp.br/MC536/2013/2/danilotitato','http://en.wikipedia.org/wiki/Arcade_Fire',5),('http://www.ic.unicamp.br/MC536/2013/2/danilotitato','http://en.wikipedia.org/wiki/Blackfield',4),('http://www.ic.unicamp.br/MC536/2013/2/danilotitato','http://en.wikipedia.org/wiki/Daft_Punk',4),('http://www.ic.unicamp.br/MC536/2013/2/danilotitato','http://en.wikipedia.org/wiki/Eels',4),('http://www.ic.unicamp.br/MC536/2013/2/danilotitato','http://en.wikipedia.org/wiki/Eric_Clapton',5),('http://www.ic.unicamp.br/MC536/2013/2/danilotitato','http://en.wikipedia.org/wiki/Galaxie_500',3),('http://www.ic.unicamp.br/MC536/2013/2/danilotitato','http://en.wikipedia.org/wiki/Joy_Division',5),('http://www.ic.unicamp.br/MC536/2013/2/danilotitato','http://en.wikipedia.org/wiki/Kavinsky',5),('http://www.ic.unicamp.br/MC536/2013/2/danilotitato','http://en.wikipedia.org/wiki/M83',5),('http://www.ic.unicamp.br/MC536/2013/2/danilotitato','http://en.wikipedia.org/wiki/Mogwai',5),('http://www.ic.unicamp.br/MC536/2013/2/danilotitato','http://en.wikipedia.org/wiki/My_Bloody_Valentine',5),('http://www.ic.unicamp.br/MC536/2013/2/danilotitato','http://en.wikipedia.org/wiki/Pink_Floyd',5),('http://www.ic.unicamp.br/MC536/2013/2/danilotitato','http://en.wikipedia.org/wiki/Slowdive',4),('http://www.ic.unicamp.br/MC536/2013/2/danilotitato','http://en.wikipedia.org/wiki/Stevie_Ray_Vaughan',5),('http://www.ic.unicamp.br/MC536/2013/2/danilotitato','http://en.wikipedia.org/wiki/The_Beatles',5),('http://www.ic.unicamp.br/MC536/2013/2/eduardobarbosa','http://en.wikipedia.org/wiki/1349_%28band%29',5),('http://www.ic.unicamp.br/MC536/2013/2/eduardobarbosa','http://en.wikipedia.org/wiki/Bolt_Thrower',5),('http://www.ic.unicamp.br/MC536/2013/2/eduardobarbosa','http://en.wikipedia.org/wiki/Burzum',5),('http://www.ic.unicamp.br/MC536/2013/2/eduardobarbosa','http://en.wikipedia.org/wiki/Cannibal_Corpse',5),('http://www.ic.unicamp.br/MC536/2013/2/eduardobarbosa','http://en.wikipedia.org/wiki/Carpathian_Forest',5),('http://www.ic.unicamp.br/MC536/2013/2/eduardobarbosa','http://en.wikipedia.org/wiki/Celtic_Frost',5),('http://www.ic.unicamp.br/MC536/2013/2/eduardobarbosa','http://en.wikipedia.org/wiki/Darkthrone',5),('http://www.ic.unicamp.br/MC536/2013/2/eduardobarbosa','http://en.wikipedia.org/wiki/Gorgoroth',5),('http://www.ic.unicamp.br/MC536/2013/2/eduardobarbosa','http://en.wikipedia.org/wiki/Pantera',5),('http://www.ic.unicamp.br/MC536/2013/2/eduardobarbosa','http://en.wikipedia.org/wiki/Satyricon_%28band%29',5),('http://www.ic.unicamp.br/MC536/2013/2/eduardobarbosa','http://en.wikipedia.org/wiki/Shining_%28Swedish_band%29',5),('http://www.ic.unicamp.br/MC536/2013/2/eduardobarbosa','http://en.wikipedia.org/wiki/Slayer',5),('http://www.ic.unicamp.br/MC536/2013/2/felipenovaes','http://en.wikipedia.org/wiki/CPM22',5),('http://www.ic.unicamp.br/MC536/2013/2/felipenovaes','http://en.wikipedia.org/wiki/NX_Zero',3),('http://www.ic.unicamp.br/MC536/2013/2/felipenovaes','http://en.wikipedia.org/wiki/Pitty',5),('http://www.ic.unicamp.br/MC536/2013/2/ivanpetrin','http://en.wikipedia.org/wiki/Jorge_Vercilo',5),('http://www.ic.unicamp.br/MC536/2013/2/josephv','http://en.wikipedia.org/wiki/%C3%89_o_Tchan!',4),('http://www.ic.unicamp.br/MC536/2013/2/josephv','http://en.wikipedia.org/wiki/Avenged_Sevenfold',5),('http://www.ic.unicamp.br/MC536/2013/2/josephv','http://en.wikipedia.org/wiki/Blink-182',5),('http://www.ic.unicamp.br/MC536/2013/2/josephv','http://en.wikipedia.org/wiki/CPM_22',5),('http://www.ic.unicamp.br/MC536/2013/2/josephv','http://en.wikipedia.org/wiki/Foo_Fighters',5),('http://www.ic.unicamp.br/MC536/2013/2/josephv','http://en.wikipedia.org/wiki/Justin_Bieber',1),('http://www.ic.unicamp.br/MC536/2013/2/josephv','http://en.wikipedia.org/wiki/Linkin_Park',5),('http://www.ic.unicamp.br/MC536/2013/2/josephv','http://en.wikipedia.org/wiki/Mike_Portnoy',5),('http://www.ic.unicamp.br/MC536/2013/2/josephv','http://en.wikipedia.org/wiki/Nightwish',5),('http://www.ic.unicamp.br/MC536/2013/2/josephv','http://en.wikipedia.org/wiki/Papa_Roach',5),('http://www.ic.unicamp.br/MC536/2013/2/josephv','http://en.wikipedia.org/wiki/Sum_41',5),('http://www.ic.unicamp.br/MC536/2013/2/josephv','http://en.wikipedia.org/wiki/System_of_a_Down',5),('http://www.ic.unicamp.br/MC536/2013/2/josephv','http://en.wikipedia.org/wiki/The_Offspring',5),('http://www.ic.unicamp.br/MC536/2013/2/lucassouza','http://en.wikipedia.org/wiki/Bill_Stewart_%28musician%29',5),('http://www.ic.unicamp.br/MC536/2013/2/lucassouza','http://en.wikipedia.org/wiki/Bjork',5),('http://www.ic.unicamp.br/MC536/2013/2/lucassouza','http://en.wikipedia.org/wiki/Foo_Fighters',4),('http://www.ic.unicamp.br/MC536/2013/2/lucassouza','http://en.wikipedia.org/wiki/Herbie_Hancock',4),('http://www.ic.unicamp.br/MC536/2013/2/lucassouza','http://en.wikipedia.org/wiki/Meshuggah',4),('http://www.ic.unicamp.br/MC536/2013/2/lucassouza','http://en.wikipedia.org/wiki/Metallica',4),('http://www.ic.unicamp.br/MC536/2013/2/lucassouza','http://en.wikipedia.org/wiki/Nirvana',4),('http://www.ic.unicamp.br/MC536/2013/2/lucassouza','http://en.wikipedia.org/wiki/Pearl_Jam',4),('http://www.ic.unicamp.br/MC536/2013/2/lucassouza','http://en.wikipedia.org/wiki/Queen',5),('http://www.ic.unicamp.br/MC536/2013/2/lucassouza','http://en.wikipedia.org/wiki/System_of_a_Down',4),('http://www.ic.unicamp.br/MC536/2013/2/lucassouza','http://en.wikipedia.org/wiki/Voix_Bulgares',3),('http://www.ic.unicamp.br/MC536/2013/2/luizjunior','http://en.wikipedia.org/wiki/U2',3),('http://www.ic.unicamp.br/MC536/2013/2/marceloteixeira','http://en.wikipedia.org/wiki/Beatles',4),('http://www.ic.unicamp.br/MC536/2013/2/marceloteixeira','http://en.wikipedia.org/wiki/Charlie_brown_jr',5),('http://www.ic.unicamp.br/MC536/2013/2/marceloteixeira','http://en.wikipedia.org/wiki/Detonautas',3),('http://www.ic.unicamp.br/MC536/2013/2/marceloteixeira','http://en.wikipedia.org/wiki/Offspring',4),('http://www.ic.unicamp.br/MC536/2013/2/marceloteixeira','http://en.wikipedia.org/wiki/Red_Hot_Chili_Peppers',4),('http://www.ic.unicamp.br/MC536/2013/2/marceloteixeira','http://en.wikipedia.org/wiki/Serj_tankian',5),('http://www.ic.unicamp.br/MC536/2013/2/marceloteixeira','http://en.wikipedia.org/wiki/System_of_a_down',5),('http://www.ic.unicamp.br/MC536/2013/2/marcosmonteiro','http://en.wikipedia.org/wiki/DragonForce',3),('http://www.ic.unicamp.br/MC536/2013/2/marcosmonteiro','http://en.wikipedia.org/wiki/Foo_Fighters',5),('http://www.ic.unicamp.br/MC536/2013/2/marcosmonteiro','http://en.wikipedia.org/wiki/Limp_Bizkit',5),('http://www.ic.unicamp.br/MC536/2013/2/marcosmonteiro','http://en.wikipedia.org/wiki/Linkin_Park',5),('http://www.ic.unicamp.br/MC536/2013/2/marcosmonteiro','http://en.wikipedia.org/wiki/Nirvana_%28band%29',5),('http://www.ic.unicamp.br/MC536/2013/2/marcosmonteiro','http://en.wikipedia.org/wiki/Papa_Roach',5),('http://www.ic.unicamp.br/MC536/2013/2/marcosmonteiro','http://en.wikipedia.org/wiki/Priestess_%28band%29',5),('http://www.ic.unicamp.br/MC536/2013/2/marcosmonteiro','http://en.wikipedia.org/wiki/Slipknot_%28band%29',5),('http://www.ic.unicamp.br/MC536/2013/2/marcosmonteiro','http://en.wikipedia.org/wiki/System_of_a_Down',5),('http://www.ic.unicamp.br/MC536/2013/2/marcosmonteiro','http://en.wikipedia.org/wiki/The_Black_Keys',5),('http://www.ic.unicamp.br/MC536/2013/2/nicolasassumpcao','http://en.wikipedia.org/wiki/Metallica',4),('http://www.ic.unicamp.br/MC536/2013/2/nicolasassumpcao','http://en.wikipedia.org/wiki/Toto_%28band%29',2),('http://www.ic.unicamp.br/MC536/2013/2/rafaelcruz','http://en.wikipedia.org/wiki/AC/DC',4),('http://www.ic.unicamp.br/MC536/2013/2/rafaelcruz','http://en.wikipedia.org/wiki/Eminem',5),('http://www.ic.unicamp.br/MC536/2013/2/rafaelcruz','http://en.wikipedia.org/wiki/Nightwish',4),('http://www.ic.unicamp.br/MC536/2013/2/rafaelcruz','http://en.wikipedia.org/wiki/Shaman_%28Brazilian_band%29',5),('http://www.ic.unicamp.br/MC536/2013/2/rafaelcruz','http://en.wikipedia.org/wiki/The_Offspring',5),('http://www.ic.unicamp.br/MC536/2013/2/renatosilva','http://en.wikipedia.org/wiki/Adele',5),('http://www.ic.unicamp.br/MC536/2013/2/renatosilva','http://en.wikipedia.org/wiki/Caetano_Veloso',4),('http://www.ic.unicamp.br/MC536/2013/2/renatosilva','http://en.wikipedia.org/wiki/Capital_Inicial',4),('http://www.ic.unicamp.br/MC536/2013/2/renatosilva','http://en.wikipedia.org/wiki/Djavan',4),('http://www.ic.unicamp.br/MC536/2013/2/renatosilva','http://en.wikipedia.org/wiki/Jota_Quest',4),('http://www.ic.unicamp.br/MC536/2013/2/renatosilva','http://en.wikipedia.org/wiki/Legi%C3%A3o_Urbana',5),('http://www.ic.unicamp.br/MC536/2013/2/renatosilva','http://en.wikipedia.org/wiki/Lulu_Santos',4),('http://www.ic.unicamp.br/MC536/2013/2/renatosilva','http://en.wikipedia.org/wiki/Marisa_Monte',1),('http://www.ic.unicamp.br/MC536/2013/2/renatosilva','http://en.wikipedia.org/wiki/Roberto_Frejat',5),('http://www.ic.unicamp.br/MC536/2013/2/rodrigobenites','http://en.wikipedia.org/wiki/Art_Blakey',4),('http://www.ic.unicamp.br/MC536/2013/2/rodrigobenites','http://en.wikipedia.org/wiki/Chick_Corea',4),('http://www.ic.unicamp.br/MC536/2013/2/rodrigobenites','http://en.wikipedia.org/wiki/Dizzie_Gillespie',5),('http://www.ic.unicamp.br/MC536/2013/2/rodrigobenites','http://en.wikipedia.org/wiki/Eric_clapton',4),('http://www.ic.unicamp.br/MC536/2013/2/rodrigobenites','http://en.wikipedia.org/wiki/Joao_Gilberto',5),('http://www.ic.unicamp.br/MC536/2013/2/rodrigobenites','http://en.wikipedia.org/wiki/Miles_Davis',5),('http://www.ic.unicamp.br/MC536/2013/2/rodrigobenites','http://en.wikipedia.org/wiki/Nat_King_Cole',5),('http://www.ic.unicamp.br/MC536/2013/2/rodrigobenites','http://en.wikipedia.org/wiki/Ray_charles',4),('http://www.ic.unicamp.br/MC536/2013/2/rodrigobenites','http://en.wikipedia.org/wiki/Thelonious_monk',5),('http://www.ic.unicamp.br/MC536/2013/2/rodrigobenites','http://en.wikipedia.org/wiki/Tom_Jobim',4),('http://www.ic.unicamp.br/MC536/2013/2/rodrigobenites','http://en.wikipedia.org/wiki/Willie_nelson',4),('http://www.ic.unicamp.br/MC536/2013/2/thomazsantos','http://en.wikipedia.org/wiki/Dire_Straits',4),('http://www.ic.unicamp.br/MC536/2013/2/thomazsantos','http://en.wikipedia.org/wiki/Legi%C3%A3o_Urbana',5),('http://www.ic.unicamp.br/MC536/2013/2/thomazsantos','http://en.wikipedia.org/wiki/Lynryd_Skynyrd',4),('http://www.ic.unicamp.br/MC536/2013/2/thomazsantos','http://en.wikipedia.org/wiki/Queen_(band)',5),('http://www.ic.unicamp.br/MC536/2013/2/thomazsantos','http://en.wikipedia.org/wiki/System_of_a_Down',4),('http://www.ic.unicamp.br/MC536/2013/2/williamtustumi','http://en.wikipedia.org/wiki/Acdc',4),('http://www.ic.unicamp.br/MC536/2013/2/williamtustumi','http://en.wikipedia.org/wiki/Artic_monkeys',4),('http://www.ic.unicamp.br/MC536/2013/2/williamtustumi','http://en.wikipedia.org/wiki/Barenaked_ladies',3),('http://www.ic.unicamp.br/MC536/2013/2/williamtustumi','http://en.wikipedia.org/wiki/Bob_Marley',5),('http://www.ic.unicamp.br/MC536/2013/2/williamtustumi','http://en.wikipedia.org/wiki/Erik_clapton',5),('http://www.ic.unicamp.br/MC536/2013/2/williamtustumi','http://en.wikipedia.org/wiki/Goldfinger_%28band%29',5),('http://www.ic.unicamp.br/MC536/2013/2/williamtustumi','http://en.wikipedia.org/wiki/Guns_N%27_Roses',5),('http://www.ic.unicamp.br/MC536/2013/2/williamtustumi','http://en.wikipedia.org/wiki/Pink_floyd',5),('http://www.ic.unicamp.br/MC536/2013/2/williamtustumi','http://en.wikipedia.org/wiki/Scorpions',5),('http://www.ic.unicamp.br/MC536/2013/2/williamtustumi','http://en.wikipedia.org/wiki/Simon_%26_Garfunkel',3),('http://www.ic.unicamp.br/MC536/2013/2/williamtustumi','http://en.wikipedia.org/wiki/U2',4),('http://www.ic.unicamp.br/MC536/2013/2/yansym','http://en.wikipedia.org/wiki/Black_Sabbath',5),('http://www.ic.unicamp.br/MC536/2013/2/yansym','http://en.wikipedia.org/wiki/Foo_Fighters',5),('http://www.ic.unicamp.br/MC536/2013/2/yansym','http://en.wikipedia.org/wiki/Green_Day',4),('http://www.ic.unicamp.br/MC536/2013/2/yansym','http://en.wikipedia.org/wiki/Justin_Bieber',2),('http://www.ic.unicamp.br/MC536/2013/2/yansym','http://en.wikipedia.org/wiki/Paramore',1),('http://www.ic.unicamp.br/MC536/2013/2/yansym','http://en.wikipedia.org/wiki/Red_Hot_Chili_Peppers',5),('http://www.ic.unicamp.br/MC536/2013/2/yansym','http://en.wikipedia.org/wiki/Sum_41',5);
/*!40000 ALTER TABLE `AVALIACOES` ENABLE KEYS */;
UNLOCK TABLES;

--
-- Table structure for table `BANDAS`
--

DROP TABLE IF EXISTS `BANDAS`;
/*!40101 SET @saved_cs_client     = @@character_set_client */;
/*!40101 SET character_set_client = utf8 */;
CREATE TABLE `BANDAS` (
  `CODIGO` varchar(100) NOT NULL,
  PRIMARY KEY  (`CODIGO`),
  CONSTRAINT `BANDAS_ibfk_1` FOREIGN KEY (`CODIGO`) REFERENCES `ARTISTAS_MUSICAIS` (`URI`) ON DELETE CASCADE ON UPDATE NO ACTION
) ENGINE=InnoDB DEFAULT CHARSET=latin1;
/*!40101 SET character_set_client = @saved_cs_client */;

--
-- Dumping data for table `BANDAS`
--

LOCK TABLES `BANDAS` WRITE;
/*!40000 ALTER TABLE `BANDAS` DISABLE KEYS */;
/*!40000 ALTER TABLE `BANDAS` ENABLE KEYS */;
UNLOCK TABLES;

--
-- Table structure for table `CANTORES`
--

DROP TABLE IF EXISTS `CANTORES`;
/*!40101 SET @saved_cs_client     = @@character_set_client */;
/*!40101 SET character_set_client = utf8 */;
CREATE TABLE `CANTORES` (
  `CODIGO` varchar(100) NOT NULL,
  PRIMARY KEY  (`CODIGO`),
  CONSTRAINT `CANTORES_ibfk_1` FOREIGN KEY (`CODIGO`) REFERENCES `ARTISTAS_MUSICAIS` (`URI`) ON DELETE CASCADE ON UPDATE NO ACTION
) ENGINE=InnoDB DEFAULT CHARSET=latin1;
/*!40101 SET character_set_client = @saved_cs_client */;

--
-- Dumping data for table `CANTORES`
--

LOCK TABLES `CANTORES` WRITE;
/*!40000 ALTER TABLE `CANTORES` DISABLE KEYS */;
/*!40000 ALTER TABLE `CANTORES` ENABLE KEYS */;
UNLOCK TABLES;

--
-- Table structure for table `INTEGRANTES_BANDAS`
--

DROP TABLE IF EXISTS `INTEGRANTES_BANDAS`;
/*!40101 SET @saved_cs_client     = @@character_set_client */;
/*!40101 SET character_set_client = utf8 */;
CREATE TABLE `INTEGRANTES_BANDAS` (
  `BANDA` varchar(100) NOT NULL,
  `MUSICO` int(11) NOT NULL,
  PRIMARY KEY  (`BANDA`,`MUSICO`),
  KEY `MUSICO` (`MUSICO`),
  CONSTRAINT `INTEGRANTES_BANDAS_ibfk_1` FOREIGN KEY (`BANDA`) REFERENCES `BANDAS` (`CODIGO`) ON DELETE CASCADE ON UPDATE NO ACTION,
  CONSTRAINT `INTEGRANTES_BANDAS_ibfk_2` FOREIGN KEY (`MUSICO`) REFERENCES `MUSICOS` (`ID`) ON DELETE CASCADE ON UPDATE NO ACTION
) ENGINE=InnoDB DEFAULT CHARSET=latin1;
/*!40101 SET character_set_client = @saved_cs_client */;

--
-- Dumping data for table `INTEGRANTES_BANDAS`
--

LOCK TABLES `INTEGRANTES_BANDAS` WRITE;
/*!40000 ALTER TABLE `INTEGRANTES_BANDAS` DISABLE KEYS */;
/*!40000 ALTER TABLE `INTEGRANTES_BANDAS` ENABLE KEYS */;
UNLOCK TABLES;

--
-- Table structure for table `MUSICOS`
--

DROP TABLE IF EXISTS `MUSICOS`;
/*!40101 SET @saved_cs_client     = @@character_set_client */;
/*!40101 SET character_set_client = utf8 */;
CREATE TABLE `MUSICOS` (
  `ID` int(11) NOT NULL auto_increment,
  `ESTILO_MUSICAL` varchar(40) NOT NULL,
  `DATA_NASCIMENTO` date default NULL,
  `NOME_REAL` varchar(50) default NULL,
  `CANTOR` varchar(100) default NULL,
  PRIMARY KEY  (`ID`),
  KEY `CANTOR` (`CANTOR`),
  CONSTRAINT `MUSICOS_ibfk_1` FOREIGN KEY (`CANTOR`) REFERENCES `CANTORES` (`CODIGO`) ON DELETE NO ACTION ON UPDATE NO ACTION
) ENGINE=InnoDB DEFAULT CHARSET=latin1;
/*!40101 SET character_set_client = @saved_cs_client */;

--
-- Dumping data for table `MUSICOS`
--

LOCK TABLES `MUSICOS` WRITE;
/*!40000 ALTER TABLE `MUSICOS` DISABLE KEYS */;
/*!40000 ALTER TABLE `MUSICOS` ENABLE KEYS */;
UNLOCK TABLES;

--
-- Table structure for table `PESSOAS`
--

DROP TABLE IF EXISTS `PESSOAS`;
/*!40101 SET @saved_cs_client     = @@character_set_client */;
/*!40101 SET character_set_client = utf8 */;
CREATE TABLE `PESSOAS` (
  `URI` varchar(100) NOT NULL,
  `CIDADE_NATAL` varchar(40) default NULL,
  `NOME_COMPLETO` varchar(50) NOT NULL,
  PRIMARY KEY  (`URI`)
) ENGINE=InnoDB DEFAULT CHARSET=latin1;
/*!40101 SET character_set_client = @saved_cs_client */;

--
-- Dumping data for table `PESSOAS`
--

LOCK TABLES `PESSOAS` WRITE;
/*!40000 ALTER TABLE `PESSOAS` DISABLE KEYS */;
INSERT INTO `PESSOAS` VALUES ('http://www.ic.unicamp.br/MC536/2013/2/alissoncarvalho','alisson poli de carvalho',''),('http://www.ic.unicamp.br/MC536/2013/2/allanbarboza','allan sapucaia barboza',''),('http://www.ic.unicamp.br/MC536/2013/2/alyssonsouza','alysson jetery moreira marques de souza',''),('http://www.ic.unicamp.br/MC536/2013/2/andrebrandao','andre nogueira brandao',''),('http://www.ic.unicamp.br/MC536/2013/2/andremoraes','andre henrique cunha de moraes',''),('http://www.ic.unicamp.br/MC536/2013/2/andrerocha','andre brant rocha',''),('http://www.ic.unicamp.br/MC536/2013/2/andresantanche','andre santanche',''),('http://www.ic.unicamp.br/MC536/2013/2/andretamanaha','andre seiji tamanaha',''),('http://www.ic.unicamp.br/MC536/2013/2/andreterron','andre vitor terron',''),('http://www.ic.unicamp.br/MC536/2013/2/anthonyferreira','anthony ferreira','Limeira'),('http://www.ic.unicamp.br/MC536/2013/2/brunovilar','bruno siqueira campos mendonca vilar','Brasília'),('http://www.ic.unicamp.br/MC536/2013/2/caianbenedicto','caian benedicto',''),('http://www.ic.unicamp.br/MC536/2013/2/caiofinardi','caio cruvinel finardi',''),('http://www.ic.unicamp.br/MC536/2013/2/carlosgregoreki','carlos gregoreki',''),('http://www.ic.unicamp.br/MC536/2013/2/cezarluz','cezar silva nogueira luz',''),('http://www.ic.unicamp.br/MC536/2013/2/danielpazinato','daniel vatanabe pazinato',''),('http://www.ic.unicamp.br/MC536/2013/2/danilotitato','danilo pereira titato','Bertioga'),('http://www.ic.unicamp.br/MC536/2013/2/dantearaujo','dante augusto de araujo',''),('http://www.ic.unicamp.br/MC536/2013/2/eduardobarbosa','eduardo ferreira barbosa','São José dos Campos'),('http://www.ic.unicamp.br/MC536/2013/2/eduardocurado','eduardo gregoleti pereira curado',''),('http://www.ic.unicamp.br/MC536/2013/2/erickseolin','erick machado seolin',''),('http://www.ic.unicamp.br/MC536/2013/2/erikebesui','erik iussuke ebesui',''),('http://www.ic.unicamp.br/MC536/2013/2/evertonsoares','everton schumacker soares',''),('http://www.ic.unicamp.br/MC536/2013/2/fabiokubo','fabio harada kubo','São Paulo'),('http://www.ic.unicamp.br/MC536/2013/2/felipenovaes','felipe rodrigues novaes','Sorocaba'),('http://www.ic.unicamp.br/MC536/2013/2/felipeoliveira','felipe santos oliveira',''),('http://www.ic.unicamp.br/MC536/2013/2/fernandafantelli','fernanda corsetti fantelli',''),('http://www.ic.unicamp.br/MC536/2013/2/fernandohoyo','fernando luiz del hoyo',''),('http://www.ic.unicamp.br/MC536/2013/2/fernandothiers','fernando barbosa thiers',''),('http://www.ic.unicamp.br/MC536/2013/2/francescogarcia','francesco perrotti garcia',''),('http://www.ic.unicamp.br/MC536/2013/2/gabrieldivino','gabriel lisboa guimaraes divino',''),('http://www.ic.unicamp.br/MC536/2013/2/gabrielfranzoni','gabriel rolfsen franzoni',''),('http://www.ic.unicamp.br/MC536/2013/2/georgeribeiro','george gondim ribeiro',''),('http://www.ic.unicamp.br/MC536/2013/2/giovannaluca','giovanna madella de luca',''),('http://www.ic.unicamp.br/MC536/2013/2/guilhermezanelato','guilherme costa zanelato',''),('http://www.ic.unicamp.br/MC536/2013/2/gustavobasso','gustavo rodrigues basso',''),('http://www.ic.unicamp.br/MC536/2013/2/gustavocrivelli','gustavo de mello crivelli','Bauru'),('http://www.ic.unicamp.br/MC536/2013/2/gustavooyakawa','gustavo fumio oyakawa',''),('http://www.ic.unicamp.br/MC536/2013/2/gustavorocha','gustavo menezes rocha',''),('http://www.ic.unicamp.br/MC536/2013/2/heldershimidu','helder shimidu',''),('http://www.ic.unicamp.br/MC536/2013/2/henriquegonzales','henrique serapiao gonzales',''),('http://www.ic.unicamp.br/MC536/2013/2/henriquelopes','henrique fischer de paula lopes',''),('http://www.ic.unicamp.br/MC536/2013/2/henriqueoliveira','henrique lima cara de oliveira',''),('http://www.ic.unicamp.br/MC536/2013/2/ivanpetrin','ivan henrique costa petrin','Osasco'),('http://www.ic.unicamp.br/MC536/2013/2/ivoudelsmann','ivo udelsmann',''),('http://www.ic.unicamp.br/MC536/2013/2/joaodalben','joao henrique dalben',''),('http://www.ic.unicamp.br/MC536/2013/2/joaohoffmam','joao henrique stange hoffmam',''),('http://www.ic.unicamp.br/MC536/2013/2/joaorodrigues','joao marcos suckow de barros rodrigues',''),('http://www.ic.unicamp.br/MC536/2013/2/jorgemanjarrez','ALBERTO ROBLES MANJARREZ','San Pedro'),('http://www.ic.unicamp.br/MC536/2013/2/josephv','joseph victoria lorenzo v','Matão'),('http://www.ic.unicamp.br/MC536/2013/2/juliabeltrao','julia ramos beltrao',''),('http://www.ic.unicamp.br/MC536/2013/2/leonardosilva','leonardo de oliveira silva',''),('http://www.ic.unicamp.br/MC536/2013/2/leonardosorensen','leonardo gabriel sousa sorensen',''),('http://www.ic.unicamp.br/MC536/2013/2/lucasgoncalves','lucas dermonde goncalves',''),('http://www.ic.unicamp.br/MC536/2013/2/lucaspessoa','lucas carrilho pessoa',''),('http://www.ic.unicamp.br/MC536/2013/2/lucassouza','lucas borges moreira de souza','ribeirao prete'),('http://www.ic.unicamp.br/MC536/2013/2/lucasteixeira','lucas tadeu teixeira',''),('http://www.ic.unicamp.br/MC536/2013/2/luisbrito','luis eduardo gomes do amaral brito',''),('http://www.ic.unicamp.br/MC536/2013/2/luizandia','luiz antonio andia',''),('http://www.ic.unicamp.br/MC536/2013/2/luizjunior','luiz celso gomes junior',''),('http://www.ic.unicamp.br/MC536/2013/2/luizvillela','luiz fernando cirigliano villela',''),('http://www.ic.unicamp.br/MC536/2013/2/lukaslopes','lukas antunes lopes',''),('http://www.ic.unicamp.br/MC536/2013/2/marceloteixeira','marcelo abiarraj teixeira','São Paulo'),('http://www.ic.unicamp.br/MC536/2013/2/marcoalmada','marco antonio lasmar almada',''),('http://www.ic.unicamp.br/MC536/2013/2/marcoskobuchi','marcos massayuki kobuchi',''),('http://www.ic.unicamp.br/MC536/2013/2/marcosmonteiro','marcos felipe gomes monteiro','São José dos Campos'),('http://www.ic.unicamp.br/MC536/2013/2/matheusfigueiredo','matheus yokoyama figueiredo',''),('http://www.ic.unicamp.br/MC536/2013/2/milenacosta','milena mayumi costa',''),('http://www.ic.unicamp.br/MC536/2013/2/murilocruz','murilo de lima cruz',''),('http://www.ic.unicamp.br/MC536/2013/2/natanaelamendola','natanael torres amendola',''),('http://www.ic.unicamp.br/MC536/2013/2/nelsonjunior','nelson isao nauata junior',''),('http://www.ic.unicamp.br/MC536/2013/2/nicolasassumpcao','nicolas riccieri gardin assumpcao','Campinas'),('http://www.ic.unicamp.br/MC536/2013/2/paulobonafina','paulo vinicius perez bonafina',''),('http://www.ic.unicamp.br/MC536/2013/2/pedrobrito','pedro emilio machado de brito',''),('http://www.ic.unicamp.br/MC536/2013/2/pedromendonca','pedro gabriel calixto mendonca',''),('http://www.ic.unicamp.br/MC536/2013/2/rafaelcastelao','rafael faria castelao',''),('http://www.ic.unicamp.br/MC536/2013/2/rafaelcruz','rafael junio da cruz','Umuarama'),('http://www.ic.unicamp.br/MC536/2013/2/raphaelfranco','Raphael Marques Franco',''),('http://www.ic.unicamp.br/MC536/2013/2/renatosilva','renato moraes silva','Rondonópolis'),('http://www.ic.unicamp.br/MC536/2013/2/ricardocampos','ricardo oliveira de campos',''),('http://www.ic.unicamp.br/MC536/2013/2/rodrigobenites','rodrigo lacerda benites','São Paulo'),('http://www.ic.unicamp.br/MC536/2013/2/rodrigosilva','rodrigo de sousa serafim da silva',''),('http://www.ic.unicamp.br/MC536/2013/2/ruitergripp','ruiter rodrigues gripp',''),('http://www.ic.unicamp.br/MC536/2013/2/samuelbirocchi','samuel mangabeira birocchi',''),('http://www.ic.unicamp.br/MC536/2013/2/sergiojunior','sergio alonso da costa junior',''),('http://www.ic.unicamp.br/MC536/2013/2/stephaneammar','stephane ariel jerome ammar',''),('http://www.ic.unicamp.br/MC536/2013/2/thalesbaumel','thales carvalho cremaschi baumel',''),('http://www.ic.unicamp.br/MC536/2013/2/tharinemacerau','tharine cohen macerau',''),('http://www.ic.unicamp.br/MC536/2013/2/thiagobalbo','thiago duarte balbo',''),('http://www.ic.unicamp.br/MC536/2013/2/thiagomartins','thiago bruschi martins',''),('http://www.ic.unicamp.br/MC536/2013/2/thiagopinto','thiago dos santos pinto',''),('http://www.ic.unicamp.br/MC536/2013/2/thiagosantos','thiago yukio itagaki santos',''),('http://www.ic.unicamp.br/MC536/2013/2/thomazsantos','thomaz calasans dos santos','São José dos Campos'),('http://www.ic.unicamp.br/MC536/2013/2/tiagoferreira','tiago de lima ferreira',''),('http://www.ic.unicamp.br/MC536/2013/2/victorfreitas','victor hochgreb de freitas',''),('http://www.ic.unicamp.br/MC536/2013/2/victorsouza','victor seixas souza',''),('http://www.ic.unicamp.br/MC536/2013/2/viniciusfrederico','vinicius andrade frederico',''),('http://www.ic.unicamp.br/MC536/2013/2/viniciussartori','vinicius campanha sartori',''),('http://www.ic.unicamp.br/MC536/2013/2/williamikedo','william nobuaki ikedo','São José dos Campos'),('http://www.ic.unicamp.br/MC536/2013/2/williamtustumi','william hideki azana tustumi','Campinas'),('http://www.ic.unicamp.br/MC536/2013/2/wilsonneto','wilson jose prata neto',''),('http://www.ic.unicamp.br/MC536/2013/2/yansym','yan vianna sym','Niteroi'),('http://www.ic.unicamp.br/MC536/2013/2/ygorsantos','ygor jose maniz santos','');
/*!40000 ALTER TABLE `PESSOAS` ENABLE KEYS */;
UNLOCK TABLES;

--
-- Table structure for table `RELACAO`
--

DROP TABLE IF EXISTS `RELACAO`;
/*!40101 SET @saved_cs_client     = @@character_set_client */;
/*!40101 SET character_set_client = utf8 */;
CREATE TABLE `RELACAO` (
  `USUARIO` varchar(100) NOT NULL,
  `PESSOA_ALVO` varchar(100) NOT NULL,
  `TIPO_BLOQUEIO` int(11) NOT NULL default '0',
  `DESCRICAO` varchar(150) default NULL,
  PRIMARY KEY  (`USUARIO`,`PESSOA_ALVO`,`TIPO_BLOQUEIO`),
  KEY `PESSOA_ALVO` (`PESSOA_ALVO`),
  KEY `TIPO_BLOQUEIO` (`TIPO_BLOQUEIO`),
  CONSTRAINT `RELACAO_ibfk_1` FOREIGN KEY (`USUARIO`) REFERENCES `PESSOAS` (`URI`) ON DELETE NO ACTION ON UPDATE NO ACTION,
  CONSTRAINT `RELACAO_ibfk_2` FOREIGN KEY (`PESSOA_ALVO`) REFERENCES `PESSOAS` (`URI`) ON DELETE NO ACTION ON UPDATE NO ACTION,
  CONSTRAINT `RELACAO_ibfk_3` FOREIGN KEY (`TIPO_BLOQUEIO`) REFERENCES `TIPO_BLOQUEIO` (`ID`) ON DELETE NO ACTION ON UPDATE NO ACTION
) ENGINE=InnoDB DEFAULT CHARSET=latin1;
/*!40101 SET character_set_client = @saved_cs_client */;

--
-- Dumping data for table `RELACAO`
--

LOCK TABLES `RELACAO` WRITE;
/*!40000 ALTER TABLE `RELACAO` DISABLE KEYS */;
INSERT INTO `RELACAO` VALUES ('http://www.ic.unicamp.br/MC536/2013/2/allanbarboza','http://www.ic.unicamp.br/MC536/2013/2/felipenovaes',1,NULL),('http://www.ic.unicamp.br/MC536/2013/2/allanbarboza','http://www.ic.unicamp.br/MC536/2013/2/ivanpetrin',1,NULL),('http://www.ic.unicamp.br/MC536/2013/2/anthonyferreira','http://www.ic.unicamp.br/MC536/2013/2/andremoraes',1,NULL),('http://www.ic.unicamp.br/MC536/2013/2/anthonyferreira','http://www.ic.unicamp.br/MC536/2013/2/carlosgregoreki',1,NULL),('http://www.ic.unicamp.br/MC536/2013/2/anthonyferreira','http://www.ic.unicamp.br/MC536/2013/2/giovannaluca',1,NULL),('http://www.ic.unicamp.br/MC536/2013/2/anthonyferreira','http://www.ic.unicamp.br/MC536/2013/2/juliabeltrao',1,NULL),('http://www.ic.unicamp.br/MC536/2013/2/anthonyferreira','http://www.ic.unicamp.br/MC536/2013/2/lucasgoncalves',1,NULL),('http://www.ic.unicamp.br/MC536/2013/2/anthonyferreira','http://www.ic.unicamp.br/MC536/2013/2/lucasteixeira',1,NULL),('http://www.ic.unicamp.br/MC536/2013/2/anthonyferreira','http://www.ic.unicamp.br/MC536/2013/2/tharinemacerau',1,NULL),('http://www.ic.unicamp.br/MC536/2013/2/brunovilar','http://www.ic.unicamp.br/MC536/2013/2/andresantanche',1,NULL),('http://www.ic.unicamp.br/MC536/2013/2/brunovilar','http://www.ic.unicamp.br/MC536/2013/2/luizjunior',1,NULL),('http://www.ic.unicamp.br/MC536/2013/2/brunovilar','http://www.ic.unicamp.br/MC536/2013/2/renatosilva',1,NULL),('http://www.ic.unicamp.br/MC536/2013/2/danilotitato','http://www.ic.unicamp.br/MC536/2013/2/andretamanaha',1,NULL),('http://www.ic.unicamp.br/MC536/2013/2/danilotitato','http://www.ic.unicamp.br/MC536/2013/2/danielpazinato',1,NULL),('http://www.ic.unicamp.br/MC536/2013/2/danilotitato','http://www.ic.unicamp.br/MC536/2013/2/eduardobarbosa',1,NULL),('http://www.ic.unicamp.br/MC536/2013/2/danilotitato','http://www.ic.unicamp.br/MC536/2013/2/evertonsoares',1,NULL),('http://www.ic.unicamp.br/MC536/2013/2/danilotitato','http://www.ic.unicamp.br/MC536/2013/2/felipeoliveira',1,NULL),('http://www.ic.unicamp.br/MC536/2013/2/danilotitato','http://www.ic.unicamp.br/MC536/2013/2/ivanpetrin',1,NULL),('http://www.ic.unicamp.br/MC536/2013/2/danilotitato','http://www.ic.unicamp.br/MC536/2013/2/josephv',1,NULL),('http://www.ic.unicamp.br/MC536/2013/2/danilotitato','http://www.ic.unicamp.br/MC536/2013/2/juliabeltrao',1,NULL),('http://www.ic.unicamp.br/MC536/2013/2/danilotitato','http://www.ic.unicamp.br/MC536/2013/2/leonardosorensen',1,NULL),('http://www.ic.unicamp.br/MC536/2013/2/danilotitato','http://www.ic.unicamp.br/MC536/2013/2/marceloteixeira',1,NULL),('http://www.ic.unicamp.br/MC536/2013/2/danilotitato','http://www.ic.unicamp.br/MC536/2013/2/nicolasassumpcao',1,NULL),('http://www.ic.unicamp.br/MC536/2013/2/danilotitato','http://www.ic.unicamp.br/MC536/2013/2/pedrobrito',1,NULL),('http://www.ic.unicamp.br/MC536/2013/2/danilotitato','http://www.ic.unicamp.br/MC536/2013/2/pedromendonca',1,NULL),('http://www.ic.unicamp.br/MC536/2013/2/danilotitato','http://www.ic.unicamp.br/MC536/2013/2/rafaelcastelao',1,NULL),('http://www.ic.unicamp.br/MC536/2013/2/danilotitato','http://www.ic.unicamp.br/MC536/2013/2/rafaelcruz',1,NULL),('http://www.ic.unicamp.br/MC536/2013/2/danilotitato','http://www.ic.unicamp.br/MC536/2013/2/victorsouza',1,NULL),('http://www.ic.unicamp.br/MC536/2013/2/danilotitato','http://www.ic.unicamp.br/MC536/2013/2/williamtustumi',1,NULL),('http://www.ic.unicamp.br/MC536/2013/2/eduardobarbosa','http://www.ic.unicamp.br/MC536/2013/2/danielpazinato',1,NULL),('http://www.ic.unicamp.br/MC536/2013/2/eduardobarbosa','http://www.ic.unicamp.br/MC536/2013/2/felipeoliveira',1,NULL),('http://www.ic.unicamp.br/MC536/2013/2/eduardobarbosa','http://www.ic.unicamp.br/MC536/2013/2/juliabeltrao',1,NULL),('http://www.ic.unicamp.br/MC536/2013/2/eduardobarbosa','http://www.ic.unicamp.br/MC536/2013/2/rafaelcruz',1,NULL),('http://www.ic.unicamp.br/MC536/2013/2/eduardobarbosa','http://www.ic.unicamp.br/MC536/2013/2/williamikedo',1,NULL),('http://www.ic.unicamp.br/MC536/2013/2/felipenovaes','http://www.ic.unicamp.br/MC536/2013/2/allanbarboza',1,NULL),('http://www.ic.unicamp.br/MC536/2013/2/felipenovaes','http://www.ic.unicamp.br/MC536/2013/2/gabrielfranzoni',1,NULL),('http://www.ic.unicamp.br/MC536/2013/2/felipenovaes','http://www.ic.unicamp.br/MC536/2013/2/sergiojunior',1,NULL),('http://www.ic.unicamp.br/MC536/2013/2/gustavocrivelli','http://www.ic.unicamp.br/MC536/2013/2/andresantanche',1,NULL),('http://www.ic.unicamp.br/MC536/2013/2/gustavocrivelli','http://www.ic.unicamp.br/MC536/2013/2/andretamanaha',1,NULL),('http://www.ic.unicamp.br/MC536/2013/2/gustavocrivelli','http://www.ic.unicamp.br/MC536/2013/2/danielpazinato',1,NULL),('http://www.ic.unicamp.br/MC536/2013/2/gustavocrivelli','http://www.ic.unicamp.br/MC536/2013/2/erikebesui',1,NULL),('http://www.ic.unicamp.br/MC536/2013/2/gustavocrivelli','http://www.ic.unicamp.br/MC536/2013/2/evertonsoares',1,NULL),('http://www.ic.unicamp.br/MC536/2013/2/gustavocrivelli','http://www.ic.unicamp.br/MC536/2013/2/fernandafantelli',1,NULL),('http://www.ic.unicamp.br/MC536/2013/2/gustavocrivelli','http://www.ic.unicamp.br/MC536/2013/2/francescogarcia',1,NULL),('http://www.ic.unicamp.br/MC536/2013/2/gustavocrivelli','http://www.ic.unicamp.br/MC536/2013/2/gabrielfranzoni',1,NULL),('http://www.ic.unicamp.br/MC536/2013/2/gustavocrivelli','http://www.ic.unicamp.br/MC536/2013/2/giovannaluca',1,NULL),('http://www.ic.unicamp.br/MC536/2013/2/gustavocrivelli','http://www.ic.unicamp.br/MC536/2013/2/heldershimidu',1,NULL),('http://www.ic.unicamp.br/MC536/2013/2/gustavocrivelli','http://www.ic.unicamp.br/MC536/2013/2/joaodalben',1,NULL),('http://www.ic.unicamp.br/MC536/2013/2/gustavocrivelli','http://www.ic.unicamp.br/MC536/2013/2/joaohoffmam',1,NULL),('http://www.ic.unicamp.br/MC536/2013/2/gustavocrivelli','http://www.ic.unicamp.br/MC536/2013/2/joaorodrigues',1,NULL),('http://www.ic.unicamp.br/MC536/2013/2/gustavocrivelli','http://www.ic.unicamp.br/MC536/2013/2/juliabeltrao',1,NULL),('http://www.ic.unicamp.br/MC536/2013/2/gustavocrivelli','http://www.ic.unicamp.br/MC536/2013/2/luisbrito',1,NULL),('http://www.ic.unicamp.br/MC536/2013/2/gustavocrivelli','http://www.ic.unicamp.br/MC536/2013/2/luizvillela',1,NULL),('http://www.ic.unicamp.br/MC536/2013/2/gustavocrivelli','http://www.ic.unicamp.br/MC536/2013/2/matheusfigueiredo',1,NULL),('http://www.ic.unicamp.br/MC536/2013/2/gustavocrivelli','http://www.ic.unicamp.br/MC536/2013/2/pedrobrito',1,NULL),('http://www.ic.unicamp.br/MC536/2013/2/gustavocrivelli','http://www.ic.unicamp.br/MC536/2013/2/pedromendonca',1,NULL),('http://www.ic.unicamp.br/MC536/2013/2/gustavocrivelli','http://www.ic.unicamp.br/MC536/2013/2/ruitergripp',1,NULL),('http://www.ic.unicamp.br/MC536/2013/2/gustavocrivelli','http://www.ic.unicamp.br/MC536/2013/2/sergiojunior',1,NULL),('http://www.ic.unicamp.br/MC536/2013/2/gustavocrivelli','http://www.ic.unicamp.br/MC536/2013/2/thiagosantos',1,NULL),('http://www.ic.unicamp.br/MC536/2013/2/gustavocrivelli','http://www.ic.unicamp.br/MC536/2013/2/victorsouza',1,NULL),('http://www.ic.unicamp.br/MC536/2013/2/gustavocrivelli','http://www.ic.unicamp.br/MC536/2013/2/viniciusfrederico',1,NULL),('http://www.ic.unicamp.br/MC536/2013/2/ivanpetrin','http://www.ic.unicamp.br/MC536/2013/2/allanbarboza',1,NULL),('http://www.ic.unicamp.br/MC536/2013/2/ivanpetrin','http://www.ic.unicamp.br/MC536/2013/2/andremoraes',1,NULL),('http://www.ic.unicamp.br/MC536/2013/2/ivanpetrin','http://www.ic.unicamp.br/MC536/2013/2/andresantanche',1,NULL),('http://www.ic.unicamp.br/MC536/2013/2/ivanpetrin','http://www.ic.unicamp.br/MC536/2013/2/andreterron',1,NULL),('http://www.ic.unicamp.br/MC536/2013/2/ivanpetrin','http://www.ic.unicamp.br/MC536/2013/2/anthonyferreira',1,NULL),('http://www.ic.unicamp.br/MC536/2013/2/ivanpetrin','http://www.ic.unicamp.br/MC536/2013/2/caianbenedicto',1,NULL),('http://www.ic.unicamp.br/MC536/2013/2/ivanpetrin','http://www.ic.unicamp.br/MC536/2013/2/caiofinardi',1,NULL),('http://www.ic.unicamp.br/MC536/2013/2/ivanpetrin','http://www.ic.unicamp.br/MC536/2013/2/carlosgregoreki',1,NULL),('http://www.ic.unicamp.br/MC536/2013/2/ivanpetrin','http://www.ic.unicamp.br/MC536/2013/2/danielpazinato',1,NULL),('http://www.ic.unicamp.br/MC536/2013/2/ivanpetrin','http://www.ic.unicamp.br/MC536/2013/2/danilotitato',1,NULL),('http://www.ic.unicamp.br/MC536/2013/2/ivanpetrin','http://www.ic.unicamp.br/MC536/2013/2/eduardobarbosa',1,NULL),('http://www.ic.unicamp.br/MC536/2013/2/ivanpetrin','http://www.ic.unicamp.br/MC536/2013/2/erickseolin',1,NULL),('http://www.ic.unicamp.br/MC536/2013/2/ivanpetrin','http://www.ic.unicamp.br/MC536/2013/2/erikebesui',1,NULL),('http://www.ic.unicamp.br/MC536/2013/2/ivanpetrin','http://www.ic.unicamp.br/MC536/2013/2/evertonsoares',1,NULL),('http://www.ic.unicamp.br/MC536/2013/2/ivanpetrin','http://www.ic.unicamp.br/MC536/2013/2/fabiokubo',1,NULL),('http://www.ic.unicamp.br/MC536/2013/2/ivanpetrin','http://www.ic.unicamp.br/MC536/2013/2/felipeoliveira',1,NULL),('http://www.ic.unicamp.br/MC536/2013/2/ivanpetrin','http://www.ic.unicamp.br/MC536/2013/2/fernandothiers',1,NULL),('http://www.ic.unicamp.br/MC536/2013/2/ivanpetrin','http://www.ic.unicamp.br/MC536/2013/2/francescogarcia',1,NULL),('http://www.ic.unicamp.br/MC536/2013/2/ivanpetrin','http://www.ic.unicamp.br/MC536/2013/2/gabrieldivino',1,NULL),('http://www.ic.unicamp.br/MC536/2013/2/ivanpetrin','http://www.ic.unicamp.br/MC536/2013/2/georgeribeiro',1,NULL),('http://www.ic.unicamp.br/MC536/2013/2/ivanpetrin','http://www.ic.unicamp.br/MC536/2013/2/giovannaluca',1,NULL),('http://www.ic.unicamp.br/MC536/2013/2/ivanpetrin','http://www.ic.unicamp.br/MC536/2013/2/gustavobasso',1,NULL),('http://www.ic.unicamp.br/MC536/2013/2/ivanpetrin','http://www.ic.unicamp.br/MC536/2013/2/gustavocrivelli',1,NULL),('http://www.ic.unicamp.br/MC536/2013/2/ivanpetrin','http://www.ic.unicamp.br/MC536/2013/2/gustavooyakawa',1,NULL),('http://www.ic.unicamp.br/MC536/2013/2/ivanpetrin','http://www.ic.unicamp.br/MC536/2013/2/gustavorocha',1,NULL),('http://www.ic.unicamp.br/MC536/2013/2/ivanpetrin','http://www.ic.unicamp.br/MC536/2013/2/henriquelopes',1,NULL),('http://www.ic.unicamp.br/MC536/2013/2/ivanpetrin','http://www.ic.unicamp.br/MC536/2013/2/joaodalben',1,NULL),('http://www.ic.unicamp.br/MC536/2013/2/ivanpetrin','http://www.ic.unicamp.br/MC536/2013/2/josephv',1,NULL),('http://www.ic.unicamp.br/MC536/2013/2/ivanpetrin','http://www.ic.unicamp.br/MC536/2013/2/juliabeltrao',1,NULL),('http://www.ic.unicamp.br/MC536/2013/2/ivanpetrin','http://www.ic.unicamp.br/MC536/2013/2/leonardosorensen',1,NULL),('http://www.ic.unicamp.br/MC536/2013/2/ivanpetrin','http://www.ic.unicamp.br/MC536/2013/2/lucassouza',1,NULL),('http://www.ic.unicamp.br/MC536/2013/2/ivanpetrin','http://www.ic.unicamp.br/MC536/2013/2/lucasteixeira',1,NULL),('http://www.ic.unicamp.br/MC536/2013/2/ivanpetrin','http://www.ic.unicamp.br/MC536/2013/2/luizjunior',1,NULL),('http://www.ic.unicamp.br/MC536/2013/2/ivanpetrin','http://www.ic.unicamp.br/MC536/2013/2/luizvillela',1,NULL),('http://www.ic.unicamp.br/MC536/2013/2/ivanpetrin','http://www.ic.unicamp.br/MC536/2013/2/marceloteixeira',1,NULL),('http://www.ic.unicamp.br/MC536/2013/2/ivanpetrin','http://www.ic.unicamp.br/MC536/2013/2/marcosmonteiro',1,NULL),('http://www.ic.unicamp.br/MC536/2013/2/ivanpetrin','http://www.ic.unicamp.br/MC536/2013/2/nelsonjunior',1,NULL),('http://www.ic.unicamp.br/MC536/2013/2/ivanpetrin','http://www.ic.unicamp.br/MC536/2013/2/nicolasassumpcao',1,NULL),('http://www.ic.unicamp.br/MC536/2013/2/ivanpetrin','http://www.ic.unicamp.br/MC536/2013/2/pedrobrito',1,NULL),('http://www.ic.unicamp.br/MC536/2013/2/ivanpetrin','http://www.ic.unicamp.br/MC536/2013/2/pedromendonca',1,NULL),('http://www.ic.unicamp.br/MC536/2013/2/ivanpetrin','http://www.ic.unicamp.br/MC536/2013/2/rafaelcruz',1,NULL),('http://www.ic.unicamp.br/MC536/2013/2/ivanpetrin','http://www.ic.unicamp.br/MC536/2013/2/rodrigobenites',1,NULL),('http://www.ic.unicamp.br/MC536/2013/2/ivanpetrin','http://www.ic.unicamp.br/MC536/2013/2/rodrigosilva',1,NULL),('http://www.ic.unicamp.br/MC536/2013/2/ivanpetrin','http://www.ic.unicamp.br/MC536/2013/2/sergiojunior',1,NULL),('http://www.ic.unicamp.br/MC536/2013/2/ivanpetrin','http://www.ic.unicamp.br/MC536/2013/2/tharinemacerau',1,NULL),('http://www.ic.unicamp.br/MC536/2013/2/ivanpetrin','http://www.ic.unicamp.br/MC536/2013/2/thiagomartins',1,NULL),('http://www.ic.unicamp.br/MC536/2013/2/ivanpetrin','http://www.ic.unicamp.br/MC536/2013/2/tiagoferreira',1,NULL),('http://www.ic.unicamp.br/MC536/2013/2/ivanpetrin','http://www.ic.unicamp.br/MC536/2013/2/victorsouza',1,NULL),('http://www.ic.unicamp.br/MC536/2013/2/ivanpetrin','http://www.ic.unicamp.br/MC536/2013/2/williamikedo',1,NULL),('http://www.ic.unicamp.br/MC536/2013/2/ivanpetrin','http://www.ic.unicamp.br/MC536/2013/2/williamtustumi',1,NULL),('http://www.ic.unicamp.br/MC536/2013/2/ivanpetrin','http://www.ic.unicamp.br/MC536/2013/2/yansym',1,NULL),('http://www.ic.unicamp.br/MC536/2013/2/jorgemanjarrez','http://www.ic.unicamp.br/MC536/2013/2/alyssonsouza',1,NULL),('http://www.ic.unicamp.br/MC536/2013/2/josephv','http://www.ic.unicamp.br/MC536/2013/2/alissoncarvalho',1,NULL),('http://www.ic.unicamp.br/MC536/2013/2/josephv','http://www.ic.unicamp.br/MC536/2013/2/andresantanche',1,NULL),('http://www.ic.unicamp.br/MC536/2013/2/josephv','http://www.ic.unicamp.br/MC536/2013/2/andretamanaha',1,NULL),('http://www.ic.unicamp.br/MC536/2013/2/josephv','http://www.ic.unicamp.br/MC536/2013/2/andreterron',1,NULL),('http://www.ic.unicamp.br/MC536/2013/2/josephv','http://www.ic.unicamp.br/MC536/2013/2/danielpazinato',1,NULL),('http://www.ic.unicamp.br/MC536/2013/2/josephv','http://www.ic.unicamp.br/MC536/2013/2/danilotitato',1,NULL),('http://www.ic.unicamp.br/MC536/2013/2/josephv','http://www.ic.unicamp.br/MC536/2013/2/eduardocurado',1,NULL),('http://www.ic.unicamp.br/MC536/2013/2/josephv','http://www.ic.unicamp.br/MC536/2013/2/erickseolin',1,NULL),('http://www.ic.unicamp.br/MC536/2013/2/josephv','http://www.ic.unicamp.br/MC536/2013/2/felipeoliveira',1,NULL),('http://www.ic.unicamp.br/MC536/2013/2/josephv','http://www.ic.unicamp.br/MC536/2013/2/gustavorocha',1,NULL),('http://www.ic.unicamp.br/MC536/2013/2/josephv','http://www.ic.unicamp.br/MC536/2013/2/leonardosorensen',1,NULL),('http://www.ic.unicamp.br/MC536/2013/2/josephv','http://www.ic.unicamp.br/MC536/2013/2/pedromendonca',1,NULL),('http://www.ic.unicamp.br/MC536/2013/2/josephv','http://www.ic.unicamp.br/MC536/2013/2/sergiojunior',1,NULL),('http://www.ic.unicamp.br/MC536/2013/2/josephv','http://www.ic.unicamp.br/MC536/2013/2/thiagomartins',1,NULL),('http://www.ic.unicamp.br/MC536/2013/2/josephv','http://www.ic.unicamp.br/MC536/2013/2/thiagosantos',1,NULL),('http://www.ic.unicamp.br/MC536/2013/2/lucassouza','http://www.ic.unicamp.br/MC536/2013/2/andresantanche',1,NULL),('http://www.ic.unicamp.br/MC536/2013/2/lucassouza','http://www.ic.unicamp.br/MC536/2013/2/danielpazinato',1,NULL),('http://www.ic.unicamp.br/MC536/2013/2/lucassouza','http://www.ic.unicamp.br/MC536/2013/2/danilotitato',1,NULL),('http://www.ic.unicamp.br/MC536/2013/2/lucassouza','http://www.ic.unicamp.br/MC536/2013/2/evertonsoares',1,NULL),('http://www.ic.unicamp.br/MC536/2013/2/lucassouza','http://www.ic.unicamp.br/MC536/2013/2/fernandafantelli',1,NULL),('http://www.ic.unicamp.br/MC536/2013/2/lucassouza','http://www.ic.unicamp.br/MC536/2013/2/giovannaluca',1,NULL),('http://www.ic.unicamp.br/MC536/2013/2/lucassouza','http://www.ic.unicamp.br/MC536/2013/2/ivanpetrin',1,NULL),('http://www.ic.unicamp.br/MC536/2013/2/lucassouza','http://www.ic.unicamp.br/MC536/2013/2/juliabeltrao',1,NULL),('http://www.ic.unicamp.br/MC536/2013/2/lucassouza','http://www.ic.unicamp.br/MC536/2013/2/marcosmonteiro',1,NULL),('http://www.ic.unicamp.br/MC536/2013/2/lucassouza','http://www.ic.unicamp.br/MC536/2013/2/nicolasassumpcao',1,NULL),('http://www.ic.unicamp.br/MC536/2013/2/lucassouza','http://www.ic.unicamp.br/MC536/2013/2/pedromendonca',1,NULL),('http://www.ic.unicamp.br/MC536/2013/2/lucassouza','http://www.ic.unicamp.br/MC536/2013/2/rafaelcruz',1,NULL),('http://www.ic.unicamp.br/MC536/2013/2/lucassouza','http://www.ic.unicamp.br/MC536/2013/2/tharinemacerau',1,NULL),('http://www.ic.unicamp.br/MC536/2013/2/lucassouza','http://www.ic.unicamp.br/MC536/2013/2/victorsouza',1,NULL),('http://www.ic.unicamp.br/MC536/2013/2/luizjunior','http://www.ic.unicamp.br/MC536/2013/2/brunovilar',1,NULL),('http://www.ic.unicamp.br/MC536/2013/2/marceloteixeira','http://www.ic.unicamp.br/MC536/2013/2/andresantanche',1,NULL),('http://www.ic.unicamp.br/MC536/2013/2/marceloteixeira','http://www.ic.unicamp.br/MC536/2013/2/gustavooyakawa',1,NULL),('http://www.ic.unicamp.br/MC536/2013/2/marceloteixeira','http://www.ic.unicamp.br/MC536/2013/2/yansym',1,NULL),('http://www.ic.unicamp.br/MC536/2013/2/marcosmonteiro','http://www.ic.unicamp.br/MC536/2013/2/andresantanche',1,NULL),('http://www.ic.unicamp.br/MC536/2013/2/marcosmonteiro','http://www.ic.unicamp.br/MC536/2013/2/danielpazinato',1,NULL),('http://www.ic.unicamp.br/MC536/2013/2/marcosmonteiro','http://www.ic.unicamp.br/MC536/2013/2/danilotitato',1,NULL),('http://www.ic.unicamp.br/MC536/2013/2/marcosmonteiro','http://www.ic.unicamp.br/MC536/2013/2/evertonsoares',1,NULL),('http://www.ic.unicamp.br/MC536/2013/2/marcosmonteiro','http://www.ic.unicamp.br/MC536/2013/2/felipeoliveira',1,NULL),('http://www.ic.unicamp.br/MC536/2013/2/marcosmonteiro','http://www.ic.unicamp.br/MC536/2013/2/giovannaluca',1,NULL),('http://www.ic.unicamp.br/MC536/2013/2/marcosmonteiro','http://www.ic.unicamp.br/MC536/2013/2/gustavorocha',1,NULL),('http://www.ic.unicamp.br/MC536/2013/2/marcosmonteiro','http://www.ic.unicamp.br/MC536/2013/2/ivanpetrin',1,NULL),('http://www.ic.unicamp.br/MC536/2013/2/marcosmonteiro','http://www.ic.unicamp.br/MC536/2013/2/juliabeltrao',1,NULL),('http://www.ic.unicamp.br/MC536/2013/2/marcosmonteiro','http://www.ic.unicamp.br/MC536/2013/2/lucassouza',1,NULL),('http://www.ic.unicamp.br/MC536/2013/2/marcosmonteiro','http://www.ic.unicamp.br/MC536/2013/2/luizjunior',1,NULL),('http://www.ic.unicamp.br/MC536/2013/2/marcosmonteiro','http://www.ic.unicamp.br/MC536/2013/2/nicolasassumpcao',1,NULL),('http://www.ic.unicamp.br/MC536/2013/2/marcosmonteiro','http://www.ic.unicamp.br/MC536/2013/2/pedromendonca',1,NULL),('http://www.ic.unicamp.br/MC536/2013/2/marcosmonteiro','http://www.ic.unicamp.br/MC536/2013/2/tharinemacerau',1,NULL),('http://www.ic.unicamp.br/MC536/2013/2/marcosmonteiro','http://www.ic.unicamp.br/MC536/2013/2/victorsouza',1,NULL),('http://www.ic.unicamp.br/MC536/2013/2/nicolasassumpcao','http://www.ic.unicamp.br/MC536/2013/2/danilotitato',1,NULL),('http://www.ic.unicamp.br/MC536/2013/2/nicolasassumpcao','http://www.ic.unicamp.br/MC536/2013/2/erickseolin',1,NULL),('http://www.ic.unicamp.br/MC536/2013/2/nicolasassumpcao','http://www.ic.unicamp.br/MC536/2013/2/juliabeltrao',1,NULL),('http://www.ic.unicamp.br/MC536/2013/2/nicolasassumpcao','http://www.ic.unicamp.br/MC536/2013/2/lucassouza',1,NULL),('http://www.ic.unicamp.br/MC536/2013/2/nicolasassumpcao','http://www.ic.unicamp.br/MC536/2013/2/marceloteixeira',1,NULL),('http://www.ic.unicamp.br/MC536/2013/2/nicolasassumpcao','http://www.ic.unicamp.br/MC536/2013/2/marcosmonteiro',1,NULL),('http://www.ic.unicamp.br/MC536/2013/2/nicolasassumpcao','http://www.ic.unicamp.br/MC536/2013/2/rodrigobenites',1,NULL),('http://www.ic.unicamp.br/MC536/2013/2/nicolasassumpcao','http://www.ic.unicamp.br/MC536/2013/2/thiagomartins',1,NULL),('http://www.ic.unicamp.br/MC536/2013/2/nicolasassumpcao','http://www.ic.unicamp.br/MC536/2013/2/williamtustumi',1,NULL),('http://www.ic.unicamp.br/MC536/2013/2/nicolasassumpcao','http://www.ic.unicamp.br/MC536/2013/2/yansym',1,NULL),('http://www.ic.unicamp.br/MC536/2013/2/rafaelcruz','http://www.ic.unicamp.br/MC536/2013/2/andretamanaha',1,NULL),('http://www.ic.unicamp.br/MC536/2013/2/rafaelcruz','http://www.ic.unicamp.br/MC536/2013/2/danielpazinato',1,NULL),('http://www.ic.unicamp.br/MC536/2013/2/rafaelcruz','http://www.ic.unicamp.br/MC536/2013/2/danilotitato',1,NULL),('http://www.ic.unicamp.br/MC536/2013/2/rafaelcruz','http://www.ic.unicamp.br/MC536/2013/2/eduardobarbosa',1,NULL),('http://www.ic.unicamp.br/MC536/2013/2/rafaelcruz','http://www.ic.unicamp.br/MC536/2013/2/felipeoliveira',1,NULL),('http://www.ic.unicamp.br/MC536/2013/2/rafaelcruz','http://www.ic.unicamp.br/MC536/2013/2/fernandafantelli',1,NULL),('http://www.ic.unicamp.br/MC536/2013/2/rafaelcruz','http://www.ic.unicamp.br/MC536/2013/2/ivanpetrin',1,NULL),('http://www.ic.unicamp.br/MC536/2013/2/rafaelcruz','http://www.ic.unicamp.br/MC536/2013/2/juliabeltrao',1,NULL),('http://www.ic.unicamp.br/MC536/2013/2/rafaelcruz','http://www.ic.unicamp.br/MC536/2013/2/marceloteixeira',1,NULL),('http://www.ic.unicamp.br/MC536/2013/2/rafaelcruz','http://www.ic.unicamp.br/MC536/2013/2/nicolasassumpcao',1,NULL),('http://www.ic.unicamp.br/MC536/2013/2/rafaelcruz','http://www.ic.unicamp.br/MC536/2013/2/williamikedo',1,NULL),('http://www.ic.unicamp.br/MC536/2013/2/renatosilva','http://www.ic.unicamp.br/MC536/2013/2/andresantanche',1,NULL),('http://www.ic.unicamp.br/MC536/2013/2/renatosilva','http://www.ic.unicamp.br/MC536/2013/2/brunovilar',1,NULL),('http://www.ic.unicamp.br/MC536/2013/2/renatosilva','http://www.ic.unicamp.br/MC536/2013/2/luizjunior',1,NULL),('http://www.ic.unicamp.br/MC536/2013/2/rodrigobenites','http://www.ic.unicamp.br/MC536/2013/2/erickseolin',1,NULL),('http://www.ic.unicamp.br/MC536/2013/2/rodrigobenites','http://www.ic.unicamp.br/MC536/2013/2/ivanpetrin',1,NULL),('http://www.ic.unicamp.br/MC536/2013/2/rodrigobenites','http://www.ic.unicamp.br/MC536/2013/2/nicolasassumpcao',1,NULL),('http://www.ic.unicamp.br/MC536/2013/2/rodrigobenites','http://www.ic.unicamp.br/MC536/2013/2/thiagomartins',1,NULL),('http://www.ic.unicamp.br/MC536/2013/2/rodrigobenites','http://www.ic.unicamp.br/MC536/2013/2/williamtustumi',1,NULL),('http://www.ic.unicamp.br/MC536/2013/2/rodrigobenites','http://www.ic.unicamp.br/MC536/2013/2/yansym',1,NULL),('http://www.ic.unicamp.br/MC536/2013/2/thomazsantos','http://www.ic.unicamp.br/MC536/2013/2/leonardosorensen',1,NULL),('http://www.ic.unicamp.br/MC536/2013/2/williamikedo','http://www.ic.unicamp.br/MC536/2013/2/alissoncarvalho',1,NULL),('http://www.ic.unicamp.br/MC536/2013/2/williamikedo','http://www.ic.unicamp.br/MC536/2013/2/andrebrandao',1,NULL),('http://www.ic.unicamp.br/MC536/2013/2/williamikedo','http://www.ic.unicamp.br/MC536/2013/2/andresantanche',1,NULL),('http://www.ic.unicamp.br/MC536/2013/2/williamikedo','http://www.ic.unicamp.br/MC536/2013/2/andretamanaha',1,NULL),('http://www.ic.unicamp.br/MC536/2013/2/williamikedo','http://www.ic.unicamp.br/MC536/2013/2/andreterron',1,NULL),('http://www.ic.unicamp.br/MC536/2013/2/williamikedo','http://www.ic.unicamp.br/MC536/2013/2/anthonyferreira',1,NULL),('http://www.ic.unicamp.br/MC536/2013/2/williamikedo','http://www.ic.unicamp.br/MC536/2013/2/caiofinardi',1,NULL),('http://www.ic.unicamp.br/MC536/2013/2/williamikedo','http://www.ic.unicamp.br/MC536/2013/2/carlosgregoreki',1,NULL),('http://www.ic.unicamp.br/MC536/2013/2/williamikedo','http://www.ic.unicamp.br/MC536/2013/2/danielpazinato',1,NULL),('http://www.ic.unicamp.br/MC536/2013/2/williamikedo','http://www.ic.unicamp.br/MC536/2013/2/danilotitato',1,NULL),('http://www.ic.unicamp.br/MC536/2013/2/williamikedo','http://www.ic.unicamp.br/MC536/2013/2/eduardobarbosa',1,NULL),('http://www.ic.unicamp.br/MC536/2013/2/williamikedo','http://www.ic.unicamp.br/MC536/2013/2/eduardocurado',1,NULL),('http://www.ic.unicamp.br/MC536/2013/2/williamikedo','http://www.ic.unicamp.br/MC536/2013/2/evertonsoares',1,NULL),('http://www.ic.unicamp.br/MC536/2013/2/williamikedo','http://www.ic.unicamp.br/MC536/2013/2/fabiokubo',1,NULL),('http://www.ic.unicamp.br/MC536/2013/2/williamikedo','http://www.ic.unicamp.br/MC536/2013/2/felipeoliveira',1,NULL),('http://www.ic.unicamp.br/MC536/2013/2/williamikedo','http://www.ic.unicamp.br/MC536/2013/2/fernandothiers',1,NULL),('http://www.ic.unicamp.br/MC536/2013/2/williamikedo','http://www.ic.unicamp.br/MC536/2013/2/francescogarcia',1,NULL),('http://www.ic.unicamp.br/MC536/2013/2/williamikedo','http://www.ic.unicamp.br/MC536/2013/2/gabrieldivino',1,NULL),('http://www.ic.unicamp.br/MC536/2013/2/williamikedo','http://www.ic.unicamp.br/MC536/2013/2/gabrielfranzoni',1,NULL),('http://www.ic.unicamp.br/MC536/2013/2/williamikedo','http://www.ic.unicamp.br/MC536/2013/2/georgeribeiro',1,NULL),('http://www.ic.unicamp.br/MC536/2013/2/williamikedo','http://www.ic.unicamp.br/MC536/2013/2/guilhermezanelato',1,NULL),('http://www.ic.unicamp.br/MC536/2013/2/williamikedo','http://www.ic.unicamp.br/MC536/2013/2/gustavobasso',1,NULL),('http://www.ic.unicamp.br/MC536/2013/2/williamikedo','http://www.ic.unicamp.br/MC536/2013/2/gustavooyakawa',1,NULL),('http://www.ic.unicamp.br/MC536/2013/2/williamikedo','http://www.ic.unicamp.br/MC536/2013/2/gustavorocha',1,NULL),('http://www.ic.unicamp.br/MC536/2013/2/williamikedo','http://www.ic.unicamp.br/MC536/2013/2/henriquelopes',1,NULL),('http://www.ic.unicamp.br/MC536/2013/2/williamikedo','http://www.ic.unicamp.br/MC536/2013/2/ivanpetrin',1,NULL),('http://www.ic.unicamp.br/MC536/2013/2/williamikedo','http://www.ic.unicamp.br/MC536/2013/2/joaohoffmam',1,NULL),('http://www.ic.unicamp.br/MC536/2013/2/williamikedo','http://www.ic.unicamp.br/MC536/2013/2/juliabeltrao',1,NULL),('http://www.ic.unicamp.br/MC536/2013/2/williamikedo','http://www.ic.unicamp.br/MC536/2013/2/marceloteixeira',1,NULL),('http://www.ic.unicamp.br/MC536/2013/2/williamikedo','http://www.ic.unicamp.br/MC536/2013/2/nicolasassumpcao',1,NULL),('http://www.ic.unicamp.br/MC536/2013/2/williamikedo','http://www.ic.unicamp.br/MC536/2013/2/pedromendonca',1,NULL),('http://www.ic.unicamp.br/MC536/2013/2/williamikedo','http://www.ic.unicamp.br/MC536/2013/2/rafaelcastelao',1,NULL),('http://www.ic.unicamp.br/MC536/2013/2/williamikedo','http://www.ic.unicamp.br/MC536/2013/2/rafaelcruz',1,NULL),('http://www.ic.unicamp.br/MC536/2013/2/williamikedo','http://www.ic.unicamp.br/MC536/2013/2/samuelbirocchi',1,NULL),('http://www.ic.unicamp.br/MC536/2013/2/williamikedo','http://www.ic.unicamp.br/MC536/2013/2/tharinemacerau',1,NULL),('http://www.ic.unicamp.br/MC536/2013/2/williamikedo','http://www.ic.unicamp.br/MC536/2013/2/thiagomartins',1,NULL),('http://www.ic.unicamp.br/MC536/2013/2/williamikedo','http://www.ic.unicamp.br/MC536/2013/2/thiagosantos',1,NULL),('http://www.ic.unicamp.br/MC536/2013/2/williamikedo','http://www.ic.unicamp.br/MC536/2013/2/tiagoferreira',1,NULL),('http://www.ic.unicamp.br/MC536/2013/2/williamikedo','http://www.ic.unicamp.br/MC536/2013/2/victorfreitas',1,NULL),('http://www.ic.unicamp.br/MC536/2013/2/williamikedo','http://www.ic.unicamp.br/MC536/2013/2/victorsouza',1,NULL),('http://www.ic.unicamp.br/MC536/2013/2/williamikedo','http://www.ic.unicamp.br/MC536/2013/2/viniciusfrederico',1,NULL),('http://www.ic.unicamp.br/MC536/2013/2/williamikedo','http://www.ic.unicamp.br/MC536/2013/2/williamtustumi',1,NULL),('http://www.ic.unicamp.br/MC536/2013/2/williamikedo','http://www.ic.unicamp.br/MC536/2013/2/wilsonneto',1,NULL),('http://www.ic.unicamp.br/MC536/2013/2/williamikedo','http://www.ic.unicamp.br/MC536/2013/2/yansym',1,NULL),('http://www.ic.unicamp.br/MC536/2013/2/williamtustumi','http://www.ic.unicamp.br/MC536/2013/2/andremoraes',1,NULL),('http://www.ic.unicamp.br/MC536/2013/2/williamtustumi','http://www.ic.unicamp.br/MC536/2013/2/erickseolin',1,NULL),('http://www.ic.unicamp.br/MC536/2013/2/williamtustumi','http://www.ic.unicamp.br/MC536/2013/2/evertonsoares',1,NULL),('http://www.ic.unicamp.br/MC536/2013/2/williamtustumi','http://www.ic.unicamp.br/MC536/2013/2/felipeoliveira',1,NULL),('http://www.ic.unicamp.br/MC536/2013/2/williamtustumi','http://www.ic.unicamp.br/MC536/2013/2/ivanpetrin',1,NULL),('http://www.ic.unicamp.br/MC536/2013/2/williamtustumi','http://www.ic.unicamp.br/MC536/2013/2/nicolasassumpcao',1,NULL),('http://www.ic.unicamp.br/MC536/2013/2/williamtustumi','http://www.ic.unicamp.br/MC536/2013/2/rodrigobenites',1,NULL),('http://www.ic.unicamp.br/MC536/2013/2/williamtustumi','http://www.ic.unicamp.br/MC536/2013/2/thiagomartins',1,NULL),('http://www.ic.unicamp.br/MC536/2013/2/williamtustumi','http://www.ic.unicamp.br/MC536/2013/2/yansym',1,NULL),('http://www.ic.unicamp.br/MC536/2013/2/yansym','http://www.ic.unicamp.br/MC536/2013/2/andresantanche',1,NULL),('http://www.ic.unicamp.br/MC536/2013/2/yansym','http://www.ic.unicamp.br/MC536/2013/2/andreterron',1,NULL),('http://www.ic.unicamp.br/MC536/2013/2/yansym','http://www.ic.unicamp.br/MC536/2013/2/ivanpetrin',1,NULL);
/*!40000 ALTER TABLE `RELACAO` ENABLE KEYS */;
UNLOCK TABLES;

--
-- Table structure for table `TIPO_BLOQUEIO`
--

DROP TABLE IF EXISTS `TIPO_BLOQUEIO`;
/*!40101 SET @saved_cs_client     = @@character_set_client */;
/*!40101 SET character_set_client = utf8 */;
CREATE TABLE `TIPO_BLOQUEIO` (
  `ID` int(11) NOT NULL auto_increment,
  `TIPO` varchar(20) NOT NULL,
  PRIMARY KEY  (`ID`)
) ENGINE=InnoDB AUTO_INCREMENT=2 DEFAULT CHARSET=latin1;
/*!40101 SET character_set_client = @saved_cs_client */;

--
-- Dumping data for table `TIPO_BLOQUEIO`
--

LOCK TABLES `TIPO_BLOQUEIO` WRITE;
/*!40000 ALTER TABLE `TIPO_BLOQUEIO` DISABLE KEYS */;
INSERT INTO `TIPO_BLOQUEIO` VALUES (1,'Sem bloqueio');
/*!40000 ALTER TABLE `TIPO_BLOQUEIO` ENABLE KEYS */;
UNLOCK TABLES;
/*!40103 SET TIME_ZONE=@OLD_TIME_ZONE */;

/*!40101 SET SQL_MODE=@OLD_SQL_MODE */;
/*!40014 SET FOREIGN_KEY_CHECKS=@OLD_FOREIGN_KEY_CHECKS */;
/*!40014 SET UNIQUE_CHECKS=@OLD_UNIQUE_CHECKS */;
/*!40101 SET CHARACTER_SET_CLIENT=@OLD_CHARACTER_SET_CLIENT */;
/*!40101 SET CHARACTER_SET_RESULTS=@OLD_CHARACTER_SET_RESULTS */;
/*!40101 SET COLLATION_CONNECTION=@OLD_COLLATION_CONNECTION */;
/*!40111 SET SQL_NOTES=@OLD_SQL_NOTES */;

-- Dump completed on 2013-09-06  4:05:50
