Record Length,2.500000e+03,,  -0.000002500000,   5.68000,
Sample Interval,2.000000e-09,,  -0.000002498000,   5.68000,
Trigger Point,1.250000000000e+03,,  -0.000002496000,   5.76000,
,,,  -0.000002494000,   5.76000,
,,,  -0.000002492000,   5.68000,
,,,  -0.000002490000,   5.68000,
Source,CH1,,  -0.000002488000,   5.68000,
Vertical Units,V,,  -0.000002486000,   5.68000,
Vertical Scale,2.000000e+00,,  -0.000002484000,   5.68000,
Vertical Offset,-7.200000e-01,,  -0.000002482000,   5.60000,
Horizontal Units,s,,  -0.000002480000,   5.68000,
Horizontal Scale,5.000000e-07,,  -0.000002478000,   5.68000,
Pt Fmt,Y,,  -0.000002476000,   5.68000,
Yzero,0.000000e+00,,  -0.000002474000,   5.68000,
Probe Atten,1.000000e+00,,  -0.000002472000,   5.68000,
Model Number,TBS1062,,  -0.000002470000,   5.68000,
Serial Number,C010160,,  -0.000002468000,   5.68000,
Firmware Version,FV:v26.01,,  -0.000002466000,   5.76000,
,,,-00.000002464000,   5.76000,
,,,-00.000002462000,   5.76000,
,,,-00.000002460000,   5.76000,
,,,-00.000002458000,   5.68000,
,,,-00.000002456000,   5.76000,
,,,-00.000002454000,   5.76000,
,,,-00.000002452000,   5.60000,
,,,-00.000002450000,   5.76000,
,,,-00.000002448000,   5.76000,
,,,-00.000002446000,   5.76000,
,,,-00.000002444000,   5.84000,
,,,-00.000002442000,   5.76000,
,,,-00.000002440000,   5.76000,
,,,-00.000002438000,   5.84000,
,,,-00.000002436000,   5.84000,
,,,-00.000002434000,   5.84000,
,,,-00.000002432000,   5.76000,
,,,-00.000002430000,   5.76000,
,,,-00.000002428000,   5.76000,
,,,-00.000002426000,   5.68000,
,,,-00.000002424000,   5.76000,
,,,-00.000002422000,   5.76000,
,,,-00.000002420000,   5.76000,
,,,-00.000002418000,   5.76000,
,,,-00.000002416000,   5.84000,
,,,-00.000002414000,   5.84000,
,,,-00.000002412000,   5.84000,
,,,-00.000002410000,   5.76000,
,,,-00.000002408000,   5.76000,
,,,-00.000002406000,   5.76000,
,,,-00.000002404000,   5.76000,
,,,-00.000002402000,   5.76000,
,,,-00.000002400000,   5.84000,
,,,-00.000002398000,   5.84000,
,,,-00.000002396000,   5.76000,
,,,-00.000002394000,   5.76000,
,,,-00.000002392000,   5.68000,
,,,-00.000002390000,   5.76000,
,,,-00.000002388000,   5.76000,
,,,-00.000002386000,   5.76000,
,,,-00.000002384000,   5.68000,
,,,-00.000002382000,   5.76000,
,,,-00.000002380000,   5.76000,
,,,-00.000002378000,   5.76000,
,,,-00.000002376000,   5.68000,
,,,-00.000002374000,   5.76000,
,,,-00.000002372000,   5.84000,
,,,-00.000002370000,   5.76000,
,,,-00.000002368000,   5.76000,
,,,-00.000002366000,   5.76000,
,,,-00.000002364000,   5.68000,
,,,-00.000002362000,   5.68000,
,,,-00.000002360000,   5.68000,
,,,-00.000002358000,   5.76000,
,,,-00.000002356000,   5.76000,
,,,-00.000002354000,   5.76000,
,,,-00.000002352000,   5.76000,
,,,-00.000002350000,   5.84000,
,,,-00.000002348000,   5.76000,
,,,-00.000002346000,   5.76000,
,,,-00.000002344000,   5.68000,
,,,-00.000002342000,   5.76000,
,,,-00.000002340000,   5.76000,
,,,-00.000002338000,   5.84000,
,,,-00.000002336000,   5.76000,
,,,-00.000002334000,   5.76000,
,,,-00.000002332000,   5.76000,
,,,-00.000002330000,   5.76000,
,,,-00.000002328000,   5.76000,
,,,-00.000002326000,   5.76000,
,,,-00.000002324000,   5.84000,
,,,-00.000002322000,   5.76000,
,,,-00.000002320000,   5.84000,
,,,-00.000002318000,   5.76000,
,,,-00.000002316000,   5.68000,
,,,-00.000002314000,   5.76000,
,,,-00.000002312000,   5.76000,
,,,-00.000002310000,   5.68000,
,,,-00.000002308000,   5.76000,
,,,-00.000002306000,   5.76000,
,,,-00.000002304000,   5.76000,
,,,-00.000002302000,   5.76000,
,,,-00.000002300000,   5.76000,
,,,-00.000002298000,   5.76000,
,,,-00.000002296000,   5.76000,
,,,-00.000002294000,   5.68000,
,,,-00.000002292000,   5.68000,
,,,-00.000002290000,   5.68000,
,,,-00.000002288000,   5.76000,
,,,-00.000002286000,   5.68000,
,,,-00.000002284000,   5.68000,
,,,-00.000002282000,   5.68000,
,,,-00.000002280000,   5.76000,
,,,-00.000002278000,   5.68000,
,,,-00.000002276000,   5.68000,
,,,-00.000002274000,   5.68000,
,,,-00.000002272000,   5.68000,
,,,-00.000002270000,   5.68000,
,,,-00.000002268000,   5.84000,
,,,-00.000002266000,   5.68000,
,,,-00.000002264000,   5.76000,
,,,-00.000002262000,   5.76000,
,,,-00.000002260000,   5.68000,
,,,-00.000002258000,   5.68000,
,,,-00.000002256000,   5.68000,
,,,-00.000002254000,   5.68000,
,,,-00.000002252000,   5.76000,
,,,-00.000002250000,   5.76000,
,,,-00.000002248000,   5.76000,
,,,-00.000002246000,   5.76000,
,,,-00.000002244000,   5.76000,
,,,-00.000002242000,   5.76000,
,,,-00.000002240000,   5.68000,
,,,-00.000002238000,   5.68000,
,,,-00.000002236000,   5.60000,
,,,-00.000002234000,   5.84000,
,,,-00.000002232000,   5.76000,
,,,-00.000002230000,   5.68000,
,,,-00.000002228000,   5.68000,
,,,-00.000002226000,   5.68000,
,,,-00.000002224000,   5.68000,
,,,-00.000002222000,   5.60000,
,,,-00.000002220000,   5.60000,
,,,-00.000002218000,   5.68000,
,,,-00.000002216000,   5.60000,
,,,-00.000002214000,   5.52000,
,,,-00.000002212000,   5.36000,
,,,-00.000002210000,   5.12000,
,,,-00.000002208000,   4.88000,
,,,-00.000002206000,   4.64000,
,,,-00.000002204000,   4.24000,
,,,-00.000002202000,   3.84000,
,,,-00.000002200000,   3.44000,
,,,-00.000002198000,   2.96000,
,,,-00.000002196000,   2.48000,
,,,-00.000002194000,   2.00000,
,,,-00.000002192000,   1.68000,
,,,-00.000002190000,   1.20000,
,,,-00.000002188000,   0.80000,
,,,-00.000002186000,   0.32000,
,,,-00.000002184000,  -0.08000,
,,,-00.000002182000,  -0.40000,
,,,-00.000002180000,  -0.88000,
,,,-00.000002178000,  -1.20000,
,,,-00.000002176000,  -1.68000,
,,,-00.000002174000,  -2.00000,
,,,-00.000002172000,  -2.32000,
,,,-00.000002170000,  -2.56000,
,,,-00.000002168000,  -2.88000,
,,,-00.000002166000,  -3.12000,
,,,-00.000002164000,  -3.36000,
,,,-00.000002162000,  -3.68000,
,,,-00.000002160000,  -3.84000,
,,,-00.000002158000,  -4.00000,
,,,-00.000002156000,  -4.16000,
,,,-00.000002154000,  -4.24000,
,,,-00.000002152000,  -4.40000,
,,,-00.000002150000,  -4.56000,
,,,-00.000002148000,  -4.72000,
,,,-00.000002146000,  -4.88000,
,,,-00.000002144000,  -4.96000,
,,,-00.000002142000,  -5.04000,
,,,-00.000002140000,  -5.20000,
,,,-00.000002138000,  -5.20000,
,,,-00.000002136000,  -5.20000,
,,,-00.000002134000,  -5.36000,
,,,-00.000002132000,  -5.36000,
,,,-00.000002130000,  -5.44000,
,,,-00.000002128000,  -5.52000,
,,,-00.000002126000,  -5.60000,
,,,-00.000002124000,  -5.68000,
,,,-00.000002122000,  -5.76000,
,,,-00.000002120000,  -5.76000,
,,,-00.000002118000,  -5.76000,
,,,-00.000002116000,  -5.84000,
,,,-00.000002114000,  -5.92000,
,,,-00.000002112000,  -5.92000,
,,,-00.000002110000,  -6.00000,
,,,-00.000002108000,  -5.84000,
,,,-00.000002106000,  -6.00000,
,,,-00.000002104000,  -6.08000,
,,,-00.000002102000,  -6.00000,
,,,-00.000002100000,  -6.00000,
,,,-00.000002098000,  -6.08000,
,,,-00.000002096000,  -6.08000,
,,,-00.000002094000,  -6.08000,
,,,-00.000002092000,  -6.16000,
,,,-00.000002090000,  -6.08000,
,,,-00.000002088000,  -6.08000,
,,,-00.000002086000,  -6.08000,
,,,-00.000002084000,  -6.08000,
,,,-00.000002082000,  -6.16000,
,,,-00.000002080000,  -6.16000,
,,,-00.000002078000,  -6.16000,
,,,-00.000002076000,  -6.16000,
,,,-00.000002074000,  -6.16000,
,,,-00.000002072000,  -6.16000,
,,,-00.000002070000,  -6.16000,
,,,-00.000002068000,  -6.08000,
,,,-00.000002066000,  -6.16000,
,,,-00.000002064000,  -6.24000,
,,,-00.000002062000,  -6.24000,
,,,-00.000002060000,  -6.32000,
,,,-00.000002058000,  -6.16000,
,,,-00.000002056000,  -6.16000,
,,,-00.000002054000,  -6.24000,
,,,-00.000002052000,  -6.16000,
,,,-00.000002050000,  -6.24000,
,,,-00.000002048000,  -6.32000,
,,,-00.000002046000,  -6.16000,
,,,-00.000002044000,  -6.24000,
,,,-00.000002042000,  -6.24000,
,,,-00.000002040000,  -6.16000,
,,,-00.000002038000,  -6.16000,
,,,-00.000002036000,  -6.24000,
,,,-00.000002034000,  -6.24000,
,,,-00.000002032000,  -6.16000,
,,,-00.000002030000,  -6.24000,
,,,-00.000002028000,  -6.16000,
,,,-00.000002026000,  -6.24000,
,,,-00.000002024000,  -6.24000,
,,,-00.000002022000,  -6.16000,
,,,-00.000002020000,  -6.24000,
,,,-00.000002018000,  -6.32000,
,,,-00.000002016000,  -6.24000,
,,,-00.000002014000,  -6.24000,
,,,-00.000002012000,  -6.32000,
,,,-00.000002010000,  -6.24000,
,,,-00.000002008000,  -6.40000,
,,,-00.000002006000,  -6.32000,
,,,-00.000002004000,  -6.24000,
,,,-00.000002002000,  -6.32000,
,,,-00.000002000000,  -6.16000,
,,,-00.000001998000,  -6.32000,
,,,-00.000001996000,  -6.24000,
,,,-00.000001994000,  -6.32000,
,,,-00.000001992000,  -6.32000,
,,,-00.000001990000,  -6.24000,
,,,-00.000001988000,  -6.24000,
,,,-00.000001986000,  -6.32000,
,,,-00.000001984000,  -6.32000,
,,,-00.000001982000,  -6.24000,
,,,-00.000001980000,  -6.24000,
,,,-00.000001978000,  -6.24000,
,,,-00.000001976000,  -6.24000,
,,,-00.000001974000,  -6.32000,
,,,-00.000001972000,  -6.24000,
,,,-00.000001970000,  -6.24000,
,,,-00.000001968000,  -6.24000,
,,,-00.000001966000,  -6.32000,
,,,-00.000001964000,  -6.32000,
,,,-00.000001962000,  -6.32000,
,,,-00.000001960000,  -6.24000,
,,,-00.000001958000,  -6.24000,
,,,-00.000001956000,  -6.24000,
,,,-00.000001954000,  -6.24000,
,,,-00.000001952000,  -6.32000,
,,,-00.000001950000,  -6.24000,
,,,-00.000001948000,  -6.24000,
,,,-00.000001946000,  -6.24000,
,,,-00.000001944000,  -6.32000,
,,,-00.000001942000,  -6.24000,
,,,-00.000001940000,  -6.24000,
,,,-00.000001938000,  -6.24000,
,,,-00.000001936000,  -6.24000,
,,,-00.000001934000,  -6.32000,
,,,-00.000001932000,  -6.32000,
,,,-00.000001930000,  -6.24000,
,,,-00.000001928000,  -6.32000,
,,,-00.000001926000,  -6.24000,
,,,-00.000001924000,  -6.16000,
,,,-00.000001922000,  -6.24000,
,,,-00.000001920000,  -6.16000,
,,,-00.000001918000,  -6.24000,
,,,-00.000001916000,  -6.32000,
,,,-00.000001914000,  -6.24000,
,,,-00.000001912000,  -6.24000,
,,,-00.000001910000,  -6.24000,
,,,-00.000001908000,  -6.24000,
,,,-00.000001906000,  -6.32000,
,,,-00.000001904000,  -6.32000,
,,,-00.000001902000,  -6.24000,
,,,-00.000001900000,  -6.24000,
,,,-00.000001898000,  -6.32000,
,,,-00.000001896000,  -6.24000,
,,,-00.000001894000,  -6.32000,
,,,-00.000001892000,  -6.16000,
,,,-00.000001890000,  -6.24000,
,,,-00.000001888000,  -6.24000,
,,,-00.000001886000,  -6.16000,
,,,-00.000001884000,  -6.24000,
,,,-00.000001882000,  -6.24000,
,,,-00.000001880000,  -6.16000,
,,,-00.000001878000,  -6.32000,
,,,-00.000001876000,  -6.24000,
,,,-00.000001874000,  -6.24000,
,,,-00.000001872000,  -6.16000,
,,,-00.000001870000,  -6.24000,
,,,-00.000001868000,  -6.16000,
,,,-00.000001866000,  -6.24000,
,,,-00.000001864000,  -6.32000,
,,,-00.000001862000,  -6.16000,
,,,-00.000001860000,  -6.24000,
,,,-00.000001858000,  -6.16000,
,,,-00.000001856000,  -6.16000,
,,,-00.000001854000,  -6.24000,
,,,-00.000001852000,  -6.32000,
,,,-00.000001850000,  -6.32000,
,,,-00.000001848000,  -6.16000,
,,,-00.000001846000,  -6.24000,
,,,-00.000001844000,  -6.24000,
,,,-00.000001842000,  -6.16000,
,,,-00.000001840000,  -6.24000,
,,,-00.000001838000,  -6.24000,
,,,-00.000001836000,  -6.24000,
,,,-00.000001834000,  -6.08000,
,,,-00.000001832000,  -6.24000,
,,,-00.000001830000,  -6.16000,
,,,-00.000001828000,  -6.24000,
,,,-00.000001826000,  -6.16000,
,,,-00.000001824000,  -6.24000,
,,,-00.000001822000,  -6.16000,
,,,-00.000001820000,  -6.16000,
,,,-00.000001818000,  -6.16000,
,,,-00.000001816000,  -6.16000,
,,,-00.000001814000,  -6.24000,
,,,-00.000001812000,  -6.16000,
,,,-00.000001810000,  -6.24000,
,,,-00.000001808000,  -6.24000,
,,,-00.000001806000,  -6.16000,
,,,-00.000001804000,  -6.16000,
,,,-00.000001802000,  -6.16000,
,,,-00.000001800000,  -6.16000,
,,,-00.000001798000,  -6.24000,
,,,-00.000001796000,  -6.24000,
,,,-00.000001794000,  -6.24000,
,,,-00.000001792000,  -6.16000,
,,,-00.000001790000,  -6.24000,
,,,-00.000001788000,  -6.24000,
,,,-00.000001786000,  -6.32000,
,,,-00.000001784000,  -6.24000,
,,,-00.000001782000,  -6.16000,
,,,-00.000001780000,  -6.24000,
,,,-00.000001778000,  -6.16000,
,,,-00.000001776000,  -6.08000,
,,,-00.000001774000,  -6.08000,
,,,-00.000001772000,  -5.84000,
,,,-00.000001770000,  -5.68000,
,,,-00.000001768000,  -5.52000,
,,,-00.000001766000,  -5.12000,
,,,-00.000001764000,  -4.72000,
,,,-00.000001762000,  -4.24000,
,,,-00.000001760000,  -3.76000,
,,,-00.000001758000,  -3.20000,
,,,-00.000001756000,  -2.72000,
,,,-00.000001754000,  -2.32000,
,,,-00.000001752000,  -1.76000,
,,,-00.000001750000,  -1.36000,
,,,-00.000001748000,  -0.80000,
,,,-00.000001746000,  -0.40000,
,,,-00.000001744000,   0.00000,
,,,-00.000001742000,   0.56000,
,,,-00.000001740000,   0.88000,
,,,-00.000001738000,   1.28000,
,,,-00.000001736000,   1.68000,
,,,-00.000001734000,   2.00000,
,,,-00.000001732000,   2.24000,
,,,-00.000001730000,   2.48000,
,,,-00.000001728000,   2.72000,
,,,-00.000001726000,   3.04000,
,,,-00.000001724000,   3.20000,
,,,-00.000001722000,   3.44000,
,,,-00.000001720000,   3.52000,
,,,-00.000001718000,   3.76000,
,,,-00.000001716000,   3.84000,
,,,-00.000001714000,   4.00000,
,,,-00.000001712000,   4.16000,
,,,-00.000001710000,   4.16000,
,,,-00.000001708000,   4.32000,
,,,-00.000001706000,   4.32000,
,,,-00.000001704000,   4.48000,
,,,-00.000001702000,   4.64000,
,,,-00.000001700000,   4.64000,
,,,-00.000001698000,   4.80000,
,,,-00.000001696000,   4.80000,
,,,-00.000001694000,   4.96000,
,,,-00.000001692000,   4.88000,
,,,-00.000001690000,   4.96000,
,,,-00.000001688000,   5.20000,
,,,-00.000001686000,   5.28000,
,,,-00.000001684000,   5.20000,
,,,-00.000001682000,   5.28000,
,,,-00.000001680000,   5.28000,
,,,-00.000001678000,   5.28000,
,,,-00.000001676000,   5.36000,
,,,-00.000001674000,   5.36000,
,,,-00.000001672000,   5.44000,
,,,-00.000001670000,   5.52000,
,,,-00.000001668000,   5.36000,
,,,-00.000001666000,   5.44000,
,,,-00.000001664000,   5.52000,
,,,-00.000001662000,   5.52000,
,,,-00.000001660000,   5.60000,
,,,-00.000001658000,   5.60000,
,,,-00.000001656000,   5.60000,
,,,-00.000001654000,   5.68000,
,,,-00.000001652000,   5.68000,
,,,-00.000001650000,   5.60000,
,,,-00.000001648000,   5.60000,
,,,-00.000001646000,   5.68000,
,,,-00.000001644000,   5.68000,
,,,-00.000001642000,   5.60000,
,,,-00.000001640000,   5.60000,
,,,-00.000001638000,   5.68000,
,,,-00.000001636000,   5.68000,
,,,-00.000001634000,   5.52000,
,,,-00.000001632000,   5.60000,
,,,-00.000001630000,   5.68000,
,,,-00.000001628000,   5.76000,
,,,-00.000001626000,   5.68000,
,,,-00.000001624000,   5.68000,
,,,-00.000001622000,   5.76000,
,,,-00.000001620000,   5.76000,
,,,-00.000001618000,   5.60000,
,,,-00.000001616000,   5.68000,
,,,-00.000001614000,   5.60000,
,,,-00.000001612000,   5.60000,
,,,-00.000001610000,   5.68000,
,,,-00.000001608000,   5.68000,
,,,-00.000001606000,   5.68000,
,,,-00.000001604000,   5.76000,
,,,-00.000001602000,   5.68000,
,,,-00.000001600000,   5.60000,
,,,-00.000001598000,   5.68000,
,,,-00.000001596000,   5.60000,
,,,-00.000001594000,   5.68000,
,,,-00.000001592000,   5.76000,
,,,-00.000001590000,   5.76000,
,,,-00.000001588000,   5.76000,
,,,-00.000001586000,   5.68000,
,,,-00.000001584000,   5.76000,
,,,-00.000001582000,   5.76000,
,,,-00.000001580000,   5.76000,
,,,-00.000001578000,   5.76000,
,,,-00.000001576000,   5.76000,
,,,-00.000001574000,   5.68000,
,,,-00.000001572000,   5.76000,
,,,-00.000001570000,   5.76000,
,,,-00.000001568000,   5.68000,
,,,-00.000001566000,   5.68000,
,,,-00.000001564000,   5.76000,
,,,-00.000001562000,   5.76000,
,,,-00.000001560000,   5.68000,
,,,-00.000001558000,   5.76000,
,,,-00.000001556000,   5.76000,
,,,-00.000001554000,   5.76000,
,,,-00.000001552000,   5.68000,
,,,-00.000001550000,   5.84000,
,,,-00.000001548000,   5.76000,
,,,-00.000001546000,   5.76000,
,,,-00.000001544000,   5.84000,
,,,-00.000001542000,   5.76000,
,,,-00.000001540000,   5.76000,
,,,-00.000001538000,   5.68000,
,,,-00.000001536000,   5.76000,
,,,-00.000001534000,   5.68000,
,,,-00.000001532000,   5.76000,
,,,-00.000001530000,   5.76000,
,,,-00.000001528000,   5.84000,
,,,-00.000001526000,   5.76000,
,,,-00.000001524000,   5.76000,
,,,-00.000001522000,   5.68000,
,,,-00.000001520000,   5.68000,
,,,-00.000001518000,   5.68000,
,,,-00.000001516000,   5.68000,
,,,-00.000001514000,   5.68000,
,,,-00.000001512000,   5.76000,
,,,-00.000001510000,   5.68000,
,,,-00.000001508000,   5.60000,
,,,-00.000001506000,   5.76000,
,,,-00.000001504000,   5.84000,
,,,-00.000001502000,   5.68000,
,,,-00.000001500000,   5.76000,
,,,-00.000001498000,   5.76000,
,,,-00.000001496000,   5.76000,
,,,-00.000001494000,   5.68000,
,,,-00.000001492000,   5.68000,
,,,-00.000001490000,   5.76000,
,,,-00.000001488000,   5.68000,
,,,-00.000001486000,   5.60000,
,,,-00.000001484000,   5.76000,
,,,-00.000001482000,   5.76000,
,,,-00.000001480000,   5.60000,
,,,-00.000001478000,   5.68000,
,,,-00.000001476000,   5.84000,
,,,-00.000001474000,   5.84000,
,,,-00.000001472000,   5.76000,
,,,-00.000001470000,   5.76000,
,,,-00.000001468000,   5.68000,
,,,-00.000001466000,   5.84000,
,,,-00.000001464000,   5.76000,
,,,-00.000001462000,   5.76000,
,,,-00.000001460000,   5.76000,
,,,-00.000001458000,   5.76000,
,,,-00.000001456000,   5.84000,
,,,-00.000001454000,   5.76000,
,,,-00.000001452000,   5.76000,
,,,-00.000001450000,   5.68000,
,,,-00.000001448000,   5.76000,
,,,-00.000001446000,   5.76000,
,,,-00.000001444000,   5.76000,
,,,-00.000001442000,   5.76000,
,,,-00.000001440000,   5.84000,
,,,-00.000001438000,   5.76000,
,,,-00.000001436000,   5.68000,
,,,-00.000001434000,   5.76000,
,,,-00.000001432000,   5.76000,
,,,-00.000001430000,   5.76000,
,,,-00.000001428000,   5.76000,
,,,-00.000001426000,   5.84000,
,,,-00.000001424000,   5.76000,
,,,-00.000001422000,   5.76000,
,,,-00.000001420000,   5.60000,
,,,-00.000001418000,   5.76000,
,,,-00.000001416000,   5.76000,
,,,-00.000001414000,   5.76000,
,,,-00.000001412000,   5.76000,
,,,-00.000001410000,   5.76000,
,,,-00.000001408000,   5.76000,
,,,-00.000001406000,   5.76000,
,,,-00.000001404000,   5.76000,
,,,-00.000001402000,   5.68000,
,,,-00.000001400000,   5.84000,
,,,-00.000001398000,   5.84000,
,,,-00.000001396000,   5.76000,
,,,-00.000001394000,   5.76000,
,,,-00.000001392000,   5.68000,
,,,-00.000001390000,   5.76000,
,,,-00.000001388000,   5.76000,
,,,-00.000001386000,   5.68000,
,,,-00.000001384000,   5.68000,
,,,-00.000001382000,   5.76000,
,,,-00.000001380000,   5.76000,
,,,-00.000001378000,   5.76000,
,,,-00.000001376000,   5.76000,
,,,-00.000001374000,   5.68000,
,,,-00.000001372000,   5.68000,
,,,-00.000001370000,   5.60000,
,,,-00.000001368000,   5.68000,
,,,-00.000001366000,   5.68000,
,,,-00.000001364000,   5.76000,
,,,-00.000001362000,   5.76000,
,,,-00.000001360000,   5.68000,
,,,-00.000001358000,   5.76000,
,,,-00.000001356000,   5.76000,
,,,-00.000001354000,   5.68000,
,,,-00.000001352000,   5.76000,
,,,-00.000001350000,   5.68000,
,,,-00.000001348000,   5.60000,
,,,-00.000001346000,   5.68000,
,,,-00.000001344000,   5.68000,
,,,-00.000001342000,   5.76000,
,,,-00.000001340000,   5.60000,
,,,-00.000001338000,   5.60000,
,,,-00.000001336000,   5.52000,
,,,-00.000001334000,   5.44000,
,,,-00.000001332000,   5.28000,
,,,-00.000001330000,   5.04000,
,,,-00.000001328000,   4.80000,
,,,-00.000001326000,   4.48000,
,,,-00.000001324000,   4.08000,
,,,-00.000001322000,   3.52000,
,,,-00.000001320000,   3.12000,
,,,-00.000001318000,   2.72000,
,,,-00.000001316000,   2.24000,
,,,-00.000001314000,   1.92000,
,,,-00.000001312000,   1.36000,
,,,-00.000001310000,   0.96000,
,,,-00.000001308000,   0.56000,
,,,-00.000001306000,   0.16000,
,,,-00.000001304000,  -0.24000,
,,,-00.000001302000,  -0.64000,
,,,-00.000001300000,  -1.04000,
,,,-00.000001298000,  -1.52000,
,,,-00.000001296000,  -1.84000,
,,,-00.000001294000,  -2.16000,
,,,-00.000001292000,  -2.48000,
,,,-00.000001290000,  -2.80000,
,,,-00.000001288000,  -3.04000,
,,,-00.000001286000,  -3.28000,
,,,-00.000001284000,  -3.44000,
,,,-00.000001282000,  -3.60000,
,,,-00.000001280000,  -3.92000,
,,,-00.000001278000,  -4.00000,
,,,-00.000001276000,  -4.24000,
,,,-00.000001274000,  -4.40000,
,,,-00.000001272000,  -4.48000,
,,,-00.000001270000,  -4.72000,
,,,-00.000001268000,  -4.88000,
,,,-00.000001266000,  -4.88000,
,,,-00.000001264000,  -4.96000,
,,,-00.000001262000,  -5.04000,
,,,-00.000001260000,  -5.20000,
,,,-00.000001258000,  -5.20000,
,,,-00.000001256000,  -5.28000,
,,,-00.000001254000,  -5.44000,
,,,-00.000001252000,  -5.52000,
,,,-00.000001250000,  -5.52000,
,,,-00.000001248000,  -5.60000,
,,,-00.000001246000,  -5.68000,
,,,-00.000001244000,  -5.68000,
,,,-00.000001242000,  -5.68000,
,,,-00.000001240000,  -5.68000,
,,,-00.000001238000,  -5.84000,
,,,-00.000001236000,  -5.84000,
,,,-00.000001234000,  -5.84000,
,,,-00.000001232000,  -5.84000,
,,,-00.000001230000,  -5.92000,
,,,-00.000001228000,  -5.92000,
,,,-00.000001226000,  -6.00000,
,,,-00.000001224000,  -6.08000,
,,,-00.000001222000,  -6.08000,
,,,-00.000001220000,  -6.00000,
,,,-00.000001218000,  -6.08000,
,,,-00.000001216000,  -6.16000,
,,,-00.000001214000,  -6.16000,
,,,-00.000001212000,  -6.08000,
,,,-00.000001210000,  -6.08000,
,,,-00.000001208000,  -6.08000,
,,,-00.000001206000,  -6.08000,
,,,-00.000001204000,  -6.16000,
,,,-00.000001202000,  -6.08000,
,,,-00.000001200000,  -6.08000,
,,,-00.000001198000,  -6.16000,
,,,-00.000001196000,  -6.08000,
,,,-00.000001194000,  -6.24000,
,,,-00.000001192000,  -6.24000,
,,,-00.000001190000,  -6.24000,
,,,-00.000001188000,  -6.08000,
,,,-00.000001186000,  -6.24000,
,,,-00.000001184000,  -6.16000,
,,,-00.000001182000,  -6.24000,
,,,-00.000001180000,  -6.24000,
,,,-00.000001178000,  -6.32000,
,,,-00.000001176000,  -6.32000,
,,,-00.000001174000,  -6.32000,
,,,-00.000001172000,  -6.32000,
,,,-00.000001170000,  -6.24000,
,,,-00.000001168000,  -6.24000,
,,,-00.000001166000,  -6.32000,
,,,-00.000001164000,  -6.32000,
,,,-00.000001162000,  -6.24000,
,,,-00.000001160000,  -6.32000,
,,,-00.000001158000,  -6.16000,
,,,-00.000001156000,  -6.32000,
,,,-00.000001154000,  -6.24000,
,,,-00.000001152000,  -6.24000,
,,,-00.000001150000,  -6.32000,
,,,-00.000001148000,  -6.24000,
,,,-00.000001146000,  -6.16000,
,,,-00.000001144000,  -6.16000,
,,,-00.000001142000,  -6.16000,
,,,-00.000001140000,  -6.24000,
,,,-00.000001138000,  -6.16000,
,,,-00.000001136000,  -6.24000,
,,,-00.000001134000,  -6.24000,
,,,-00.000001132000,  -6.24000,
,,,-00.000001130000,  -6.24000,
,,,-00.000001128000,  -6.32000,
,,,-00.000001126000,  -6.32000,
,,,-00.000001124000,  -6.32000,
,,,-00.000001122000,  -6.32000,
,,,-00.000001120000,  -6.24000,
,,,-00.000001118000,  -6.24000,
,,,-00.000001116000,  -6.32000,
,,,-00.000001114000,  -6.32000,
,,,-00.000001112000,  -6.32000,
,,,-00.000001110000,  -6.24000,
,,,-00.000001108000,  -6.32000,
,,,-00.000001106000,  -6.40000,
,,,-00.000001104000,  -6.32000,
,,,-00.000001102000,  -6.24000,
,,,-00.000001100000,  -6.32000,
,,,-00.000001098000,  -6.32000,
,,,-00.000001096000,  -6.32000,
,,,-00.000001094000,  -6.32000,
,,,-00.000001092000,  -6.32000,
,,,-00.000001090000,  -6.24000,
,,,-00.000001088000,  -6.24000,
,,,-00.000001086000,  -6.32000,
,,,-00.000001084000,  -6.32000,
,,,-00.000001082000,  -6.32000,
,,,-00.000001080000,  -6.24000,
,,,-00.000001078000,  -6.24000,
,,,-00.000001076000,  -6.24000,
,,,-00.000001074000,  -6.40000,
,,,-00.000001072000,  -6.40000,
,,,-00.000001070000,  -6.24000,
,,,-00.000001068000,  -6.24000,
,,,-00.000001066000,  -6.24000,
,,,-00.000001064000,  -6.32000,
,,,-00.000001062000,  -6.32000,
,,,-00.000001060000,  -6.32000,
,,,-00.000001058000,  -6.24000,
,,,-00.000001056000,  -6.24000,
,,,-00.000001054000,  -6.24000,
,,,-00.000001052000,  -6.24000,
,,,-00.000001050000,  -6.24000,
,,,-00.000001048000,  -6.24000,
,,,-00.000001046000,  -6.24000,
,,,-00.000001044000,  -6.24000,
,,,-00.000001042000,  -6.24000,
,,,-00.000001040000,  -6.32000,
,,,-00.000001038000,  -6.24000,
,,,-00.000001036000,  -6.24000,
,,,-00.000001034000,  -6.24000,
,,,-00.000001032000,  -6.16000,
,,,-00.000001030000,  -6.24000,
,,,-00.000001028000,  -6.32000,
,,,-00.000001026000,  -6.24000,
,,,-00.000001024000,  -6.16000,
,,,-00.000001022000,  -6.24000,
,,,-00.000001020000,  -6.32000,
,,,-00.000001018000,  -6.32000,
,,,-00.000001016000,  -6.24000,
,,,-00.000001014000,  -6.24000,
,,,-00.000001012000,  -6.32000,
,,,-00.000001010000,  -6.24000,
,,,-00.000001008000,  -6.24000,
,,,-00.000001006000,  -6.24000,
,,,-00.000001004000,  -6.32000,
,,,-00.000001002000,  -6.32000,
,,,-00.000001000000,  -6.24000,
,,,-00.000000998000,  -6.24000,
,,,-00.000000996000,  -6.32000,
,,,-00.000000994000,  -6.40000,
,,,-00.000000992000,  -6.24000,
,,,-00.000000990000,  -6.24000,
,,,-00.000000988000,  -6.32000,
,,,-00.000000986000,  -6.16000,
,,,-00.000000984000,  -6.32000,
,,,-00.000000982000,  -6.24000,
,,,-00.000000980000,  -6.32000,
,,,-00.000000978000,  -6.32000,
,,,-00.000000976000,  -6.40000,
,,,-00.000000974000,  -6.32000,
,,,-00.000000972000,  -6.24000,
,,,-00.000000970000,  -6.32000,
,,,-00.000000968000,  -6.32000,
,,,-00.000000966000,  -6.24000,
,,,-00.000000964000,  -6.32000,
,,,-00.000000962000,  -6.32000,
,,,-00.000000960000,  -6.24000,
,,,-00.000000958000,  -6.32000,
,,,-00.000000956000,  -6.24000,
,,,-00.000000954000,  -6.24000,
,,,-00.000000952000,  -6.24000,
,,,-00.000000950000,  -6.32000,
,,,-00.000000948000,  -6.32000,
,,,-00.000000946000,  -6.24000,
,,,-00.000000944000,  -6.32000,
,,,-00.000000942000,  -6.24000,
,,,-00.000000940000,  -6.32000,
,,,-00.000000938000,  -6.32000,
,,,-00.000000936000,  -6.32000,
,,,-00.000000934000,  -6.24000,
,,,-00.000000932000,  -6.24000,
,,,-00.000000930000,  -6.32000,
,,,-00.000000928000,  -6.32000,
,,,-00.000000926000,  -6.32000,
,,,-00.000000924000,  -6.24000,
,,,-00.000000922000,  -6.24000,
,,,-00.000000920000,  -6.32000,
,,,-00.000000918000,  -6.32000,
,,,-00.000000916000,  -6.32000,
,,,-00.000000914000,  -6.32000,
,,,-00.000000912000,  -6.32000,
,,,-00.000000910000,  -6.24000,
,,,-00.000000908000,  -6.16000,
,,,-00.000000906000,  -6.16000,
,,,-00.000000904000,  -6.24000,
,,,-00.000000902000,  -6.24000,
,,,-00.000000900000,  -6.08000,
,,,-00.000000898000,  -6.16000,
,,,-00.000000896000,  -6.08000,
,,,-00.000000894000,  -6.00000,
,,,-00.000000892000,  -5.92000,
,,,-00.000000890000,  -5.60000,
,,,-00.000000888000,  -5.28000,
,,,-00.000000886000,  -4.88000,
,,,-00.000000884000,  -4.48000,
,,,-00.000000882000,  -4.00000,
,,,-00.000000880000,  -3.60000,
,,,-00.000000878000,  -2.96000,
,,,-00.000000876000,  -2.56000,
,,,-00.000000874000,  -2.08000,
,,,-00.000000872000,  -1.60000,
,,,-00.000000870000,  -1.12000,
,,,-00.000000868000,  -0.64000,
,,,-00.000000866000,  -0.16000,
,,,-00.000000864000,   0.24000,
,,,-00.000000862000,   0.64000,
,,,-00.000000860000,   1.04000,
,,,-00.000000858000,   1.36000,
,,,-00.000000856000,   1.76000,
,,,-00.000000854000,   2.08000,
,,,-00.000000852000,   2.40000,
,,,-00.000000850000,   2.72000,
,,,-00.000000848000,   2.88000,
,,,-00.000000846000,   3.20000,
,,,-00.000000844000,   3.28000,
,,,-00.000000842000,   3.44000,
,,,-00.000000840000,   3.60000,
,,,-00.000000838000,   3.84000,
,,,-00.000000836000,   3.92000,
,,,-00.000000834000,   4.16000,
,,,-00.000000832000,   4.16000,
,,,-00.000000830000,   4.32000,
,,,-00.000000828000,   4.40000,
,,,-00.000000826000,   4.48000,
,,,-00.000000824000,   4.56000,
,,,-00.000000822000,   4.72000,
,,,-00.000000820000,   4.88000,
,,,-00.000000818000,   4.80000,
,,,-00.000000816000,   4.88000,
,,,-00.000000814000,   5.04000,
,,,-00.000000812000,   5.04000,
,,,-00.000000810000,   5.04000,
,,,-00.000000808000,   5.12000,
,,,-00.000000806000,   5.20000,
,,,-00.000000804000,   5.28000,
,,,-00.000000802000,   5.28000,
,,,-00.000000800000,   5.36000,
,,,-00.000000798000,   5.36000,
,,,-00.000000796000,   5.44000,
,,,-00.000000794000,   5.36000,
,,,-00.000000792000,   5.36000,
,,,-00.000000790000,   5.44000,
,,,-00.000000788000,   5.52000,
,,,-00.000000786000,   5.44000,
,,,-00.000000784000,   5.44000,
,,,-00.000000782000,   5.52000,
,,,-00.000000780000,   5.60000,
,,,-00.000000778000,   5.60000,
,,,-00.000000776000,   5.44000,
,,,-00.000000774000,   5.52000,
,,,-00.000000772000,   5.60000,
,,,-00.000000770000,   5.60000,
,,,-00.000000768000,   5.60000,
,,,-00.000000766000,   5.60000,
,,,-00.000000764000,   5.68000,
,,,-00.000000762000,   5.68000,
,,,-00.000000760000,   5.60000,
,,,-00.000000758000,   5.60000,
,,,-00.000000756000,   5.68000,
,,,-00.000000754000,   5.60000,
,,,-00.000000752000,   5.60000,
,,,-00.000000750000,   5.60000,
,,,-00.000000748000,   5.68000,
,,,-00.000000746000,   5.76000,
,,,-00.000000744000,   5.60000,
,,,-00.000000742000,   5.68000,
,,,-00.000000740000,   5.68000,
,,,-00.000000738000,   5.68000,
,,,-00.000000736000,   5.68000,
,,,-00.000000734000,   5.60000,
,,,-00.000000732000,   5.68000,
,,,-00.000000730000,   5.68000,
,,,-00.000000728000,   5.68000,
,,,-00.000000726000,   5.60000,
,,,-00.000000724000,   5.60000,
,,,-00.000000722000,   5.68000,
,,,-00.000000720000,   5.60000,
,,,-00.000000718000,   5.68000,
,,,-00.000000716000,   5.60000,
,,,-00.000000714000,   5.68000,
,,,-00.000000712000,   5.68000,
,,,-00.000000710000,   5.68000,
,,,-00.000000708000,   5.76000,
,,,-00.000000706000,   5.76000,
,,,-00.000000704000,   5.68000,
,,,-00.000000702000,   5.68000,
,,,-00.000000700000,   5.76000,
,,,-00.000000698000,   5.76000,
,,,-00.000000696000,   5.68000,
,,,-00.000000694000,   5.68000,
,,,-00.000000692000,   5.76000,
,,,-00.000000690000,   5.68000,
,,,-00.000000688000,   5.76000,
,,,-00.000000686000,   5.84000,
,,,-00.000000684000,   5.76000,
,,,-00.000000682000,   5.68000,
,,,-00.000000680000,   5.76000,
,,,-00.000000678000,   5.76000,
,,,-00.000000676000,   5.76000,
,,,-00.000000674000,   5.84000,
,,,-00.000000672000,   5.76000,
,,,-00.000000670000,   5.76000,
,,,-00.000000668000,   5.76000,
,,,-00.000000666000,   5.76000,
,,,-00.000000664000,   5.76000,
,,,-00.000000662000,   5.68000,
,,,-00.000000660000,   5.76000,
,,,-00.000000658000,   5.84000,
,,,-00.000000656000,   5.76000,
,,,-00.000000654000,   5.76000,
,,,-00.000000652000,   5.84000,
,,,-00.000000650000,   5.84000,
,,,-00.000000648000,   5.76000,
,,,-00.000000646000,   5.76000,
,,,-00.000000644000,   5.68000,
,,,-00.000000642000,   5.76000,
,,,-00.000000640000,   5.76000,
,,,-00.000000638000,   5.84000,
,,,-00.000000636000,   5.76000,
,,,-00.000000634000,   5.76000,
,,,-00.000000632000,   5.84000,
,,,-00.000000630000,   5.76000,
,,,-00.000000628000,   5.60000,
,,,-00.000000626000,   5.68000,
,,,-00.000000624000,   5.76000,
,,,-00.000000622000,   5.76000,
,,,-00.000000620000,   5.76000,
,,,-00.000000618000,   5.76000,
,,,-00.000000616000,   5.76000,
,,,-00.000000614000,   5.76000,
,,,-00.000000612000,   5.60000,
,,,-00.000000610000,   5.60000,
,,,-00.000000608000,   5.76000,
,,,-00.000000606000,   5.76000,
,,,-00.000000604000,   5.76000,
,,,-00.000000602000,   5.76000,
,,,-00.000000600000,   5.76000,
,,,-00.000000598000,   5.76000,
,,,-00.000000596000,   5.76000,
,,,-00.000000594000,   5.52000,
,,,-00.000000592000,   5.76000,
,,,-00.000000590000,   5.68000,
,,,-00.000000588000,   5.68000,
,,,-00.000000586000,   5.76000,
,,,-00.000000584000,   5.68000,
,,,-00.000000582000,   5.76000,
,,,-00.000000580000,   5.76000,
,,,-00.000000578000,   5.60000,
,,,-00.000000576000,   5.84000,
,,,-00.000000574000,   5.76000,
,,,-00.000000572000,   5.76000,
,,,-00.000000570000,   5.76000,
,,,-00.000000568000,   5.76000,
,,,-00.000000566000,   5.76000,
,,,-00.000000564000,   5.76000,
,,,-00.000000562000,   5.68000,
,,,-00.000000560000,   5.76000,
,,,-00.000000558000,   5.76000,
,,,-00.000000556000,   5.76000,
,,,-00.000000554000,   5.76000,
,,,-00.000000552000,   5.76000,
,,,-00.000000550000,   5.84000,
,,,-00.000000548000,   5.76000,
,,,-00.000000546000,   5.76000,
,,,-00.000000544000,   5.76000,
,,,-00.000000542000,   5.76000,
,,,-00.000000540000,   5.76000,
,,,-00.000000538000,   5.84000,
,,,-00.000000536000,   5.76000,
,,,-00.000000534000,   5.76000,
,,,-00.000000532000,   5.68000,
,,,-00.000000530000,   5.76000,
,,,-00.000000528000,   5.68000,
,,,-00.000000526000,   5.76000,
,,,-00.000000524000,   5.76000,
,,,-00.000000522000,   5.76000,
,,,-00.000000520000,   5.68000,
,,,-00.000000518000,   5.68000,
,,,-00.000000516000,   5.68000,
,,,-00.000000514000,   5.84000,
,,,-00.000000512000,   5.76000,
,,,-00.000000510000,   5.68000,
,,,-00.000000508000,   5.60000,
,,,-00.000000506000,   5.68000,
,,,-00.000000504000,   5.68000,
,,,-00.000000502000,   5.76000,
,,,-00.000000500000,   5.76000,
,,,-00.000000498000,   5.68000,
,,,-00.000000496000,   5.60000,
,,,-00.000000494000,   5.68000,
,,,-00.000000492000,   5.68000,
,,,-00.000000490000,   5.68000,
,,,-00.000000488000,   5.68000,
,,,-00.000000486000,   5.76000,
,,,-00.000000484000,   5.68000,
,,,-00.000000482000,   5.68000,
,,,-00.000000480000,   5.60000,
,,,-00.000000478000,   5.68000,
,,,-00.000000476000,   5.68000,
,,,-00.000000474000,   5.76000,
,,,-00.000000472000,   5.68000,
,,,-00.000000470000,   5.68000,
,,,-00.000000468000,   5.68000,
,,,-00.000000466000,   5.76000,
,,,-00.000000464000,   5.68000,
,,,-00.000000462000,   5.68000,
,,,-00.000000460000,   5.60000,
,,,-00.000000458000,   5.60000,
,,,-00.000000456000,   5.44000,
,,,-00.000000454000,   5.36000,
,,,-00.000000452000,   5.20000,
,,,-00.000000450000,   4.96000,
,,,-00.000000448000,   4.72000,
,,,-00.000000446000,   4.24000,
,,,-00.000000444000,   3.92000,
,,,-00.000000442000,   3.52000,
,,,-00.000000440000,   3.12000,
,,,-00.000000438000,   2.64000,
,,,-00.000000436000,   2.32000,
,,,-00.000000434000,   1.84000,
,,,-00.000000432000,   1.28000,
,,,-00.000000430000,   0.88000,
,,,-00.000000428000,   0.40000,
,,,-00.000000426000,   0.00000,
,,,-00.000000424000,  -0.40000,
,,,-00.000000422000,  -0.80000,
,,,-00.000000420000,  -1.28000,
,,,-00.000000418000,  -1.52000,
,,,-00.000000416000,  -2.00000,
,,,-00.000000414000,  -2.24000,
,,,-00.000000412000,  -2.56000,
,,,-00.000000410000,  -2.88000,
,,,-00.000000408000,  -3.12000,
,,,-00.000000406000,  -3.36000,
,,,-00.000000404000,  -3.52000,
,,,-00.000000402000,  -3.76000,
,,,-00.000000400000,  -3.92000,
,,,-00.000000398000,  -4.08000,
,,,-00.000000396000,  -4.16000,
,,,-00.000000394000,  -4.40000,
,,,-00.000000392000,  -4.56000,
,,,-00.000000390000,  -4.64000,
,,,-00.000000388000,  -4.72000,
,,,-00.000000386000,  -4.88000,
,,,-00.000000384000,  -5.04000,
,,,-00.000000382000,  -5.12000,
,,,-00.000000380000,  -5.20000,
,,,-00.000000378000,  -5.36000,
,,,-00.000000376000,  -5.44000,
,,,-00.000000374000,  -5.36000,
,,,-00.000000372000,  -5.44000,
,,,-00.000000370000,  -5.52000,
,,,-00.000000368000,  -5.68000,
,,,-00.000000366000,  -5.68000,
,,,-00.000000364000,  -5.76000,
,,,-00.000000362000,  -5.68000,
,,,-00.000000360000,  -5.76000,
,,,-00.000000358000,  -5.76000,
,,,-00.000000356000,  -5.84000,
,,,-00.000000354000,  -5.84000,
,,,-00.000000352000,  -5.92000,
,,,-00.000000350000,  -5.92000,
,,,-00.000000348000,  -5.92000,
,,,-00.000000346000,  -5.92000,
,,,-00.000000344000,  -6.00000,
,,,-00.000000342000,  -6.16000,
,,,-00.000000340000,  -6.00000,
,,,-00.000000338000,  -6.08000,
,,,-00.000000336000,  -6.08000,
,,,-00.000000334000,  -6.16000,
,,,-00.000000332000,  -6.08000,
,,,-00.000000330000,  -6.16000,
,,,-00.000000328000,  -6.16000,
,,,-00.000000326000,  -6.08000,
,,,-00.000000324000,  -6.08000,
,,,-00.000000322000,  -6.16000,
,,,-00.000000320000,  -6.16000,
,,,-00.000000318000,  -6.24000,
,,,-00.000000316000,  -6.16000,
,,,-00.000000314000,  -6.24000,
,,,-00.000000312000,  -6.24000,
,,,-00.000000310000,  -6.16000,
,,,-00.000000308000,  -6.16000,
,,,-00.000000306000,  -6.16000,
,,,-00.000000304000,  -6.16000,
,,,-00.000000302000,  -6.16000,
,,,-00.000000300000,  -6.16000,
,,,-00.000000298000,  -6.24000,
,,,-00.000000296000,  -6.08000,
,,,-00.000000294000,  -6.16000,
,,,-00.000000292000,  -6.24000,
,,,-00.000000290000,  -6.16000,
,,,-00.000000288000,  -6.16000,
,,,-00.000000286000,  -6.24000,
,,,-00.000000284000,  -6.24000,
,,,-00.000000282000,  -6.24000,
,,,-00.000000280000,  -6.32000,
,,,-00.000000278000,  -6.24000,
,,,-00.000000276000,  -6.32000,
,,,-00.000000274000,  -6.16000,
,,,-00.000000272000,  -6.16000,
,,,-00.000000270000,  -6.24000,
,,,-00.000000268000,  -6.24000,
,,,-00.000000266000,  -6.24000,
,,,-00.000000264000,  -6.16000,
,,,-00.000000262000,  -6.24000,
,,,-00.000000260000,  -6.16000,
,,,-00.000000258000,  -6.24000,
,,,-00.000000256000,  -6.24000,
,,,-00.000000254000,  -6.32000,
,,,-00.000000252000,  -6.32000,
,,,-00.000000250000,  -6.24000,
,,,-00.000000248000,  -6.24000,
,,,-00.000000246000,  -6.16000,
,,,-00.000000244000,  -6.24000,
,,,-00.000000242000,  -6.24000,
,,,-00.000000240000,  -6.32000,
,,,-00.000000238000,  -6.24000,
,,,-00.000000236000,  -6.24000,
,,,-00.000000234000,  -6.32000,
,,,-00.000000232000,  -6.24000,
,,,-00.000000230000,  -6.32000,
,,,-00.000000228000,  -6.32000,
,,,-00.000000226000,  -6.40000,
,,,-00.000000224000,  -6.40000,
,,,-00.000000222000,  -6.24000,
,,,-00.000000220000,  -6.24000,
,,,-00.000000218000,  -6.24000,
,,,-00.000000216000,  -6.24000,
,,,-00.000000214000,  -6.24000,
,,,-00.000000212000,  -6.32000,
,,,-00.000000210000,  -6.24000,
,,,-00.000000208000,  -6.24000,
,,,-00.000000206000,  -6.32000,
,,,-00.000000204000,  -6.32000,
,,,-00.000000202000,  -6.40000,
,,,-00.000000200000,  -6.24000,
,,,-00.000000198000,  -6.24000,
,,,-00.000000196000,  -6.24000,
,,,-00.000000194000,  -6.16000,
,,,-00.000000192000,  -6.40000,
,,,-00.000000190000,  -6.32000,
,,,-00.000000188000,  -6.32000,
,,,-00.000000186000,  -6.32000,
,,,-00.000000184000,  -6.40000,
,,,-00.000000182000,  -6.24000,
,,,-00.000000180000,  -6.32000,
,,,-00.000000178000,  -6.32000,
,,,-00.000000176000,  -6.32000,
,,,-00.000000174000,  -6.24000,
,,,-00.000000172000,  -6.24000,
,,,-00.000000170000,  -6.32000,
,,,-00.000000168000,  -6.16000,
,,,-00.000000166000,  -6.24000,
,,,-00.000000164000,  -6.32000,
,,,-00.000000162000,  -6.24000,
,,,-00.000000160000,  -6.24000,
,,,-00.000000158000,  -6.24000,
,,,-00.000000156000,  -6.32000,
,,,-00.000000154000,  -6.24000,
,,,-00.000000152000,  -6.24000,
,,,-00.000000150000,  -6.24000,
,,,-00.000000148000,  -6.24000,
,,,-00.000000146000,  -6.24000,
,,,-00.000000144000,  -6.24000,
,,,-00.000000142000,  -6.24000,
,,,-00.000000140000,  -6.24000,
,,,-00.000000138000,  -6.32000,
,,,-00.000000136000,  -6.32000,
,,,-00.000000134000,  -6.32000,
,,,-00.000000132000,  -6.24000,
,,,-00.000000130000,  -6.24000,
,,,-00.000000128000,  -6.24000,
,,,-00.000000126000,  -6.32000,
,,,-00.000000124000,  -6.40000,
,,,-00.000000122000,  -6.32000,
,,,-00.000000120000,  -6.24000,
,,,-00.000000118000,  -6.32000,
,,,-00.000000116000,  -6.32000,
,,,-00.000000114000,  -6.32000,
,,,-00.000000112000,  -6.16000,
,,,-00.000000110000,  -6.32000,
,,,-00.000000108000,  -6.24000,
,,,-00.000000106000,  -6.24000,
,,,-00.000000104000,  -6.16000,
,,,-00.000000102000,  -6.32000,
,,,-00.000000100000,  -6.24000,
,,,-00.000000098000,  -6.16000,
,,,-00.000000096000,  -6.16000,
,,,-00.000000094000,  -6.24000,
,,,-00.000000092000,  -6.16000,
,,,-00.000000090000,  -6.24000,
,,,-00.000000088000,  -6.24000,
,,,-00.000000086000,  -6.24000,
,,,-00.000000084000,  -6.32000,
,,,-00.000000082000,  -6.32000,
,,,-00.000000080000,  -6.32000,
,,,-00.000000078000,  -6.16000,
,,,-00.000000076000,  -6.24000,
,,,-00.000000074000,  -6.32000,
,,,-00.000000072000,  -6.24000,
,,,-00.000000070000,  -6.24000,
,,,-00.000000068000,  -6.24000,
,,,-00.000000066000,  -6.16000,
,,,-00.000000064000,  -6.16000,
,,,-00.000000062000,  -6.24000,
,,,-00.000000060000,  -6.16000,
,,,-00.000000058000,  -6.16000,
,,,-00.000000056000,  -6.24000,
,,,-00.000000054000,  -6.24000,
,,,-00.000000052000,  -6.24000,
,,,-00.000000050000,  -6.24000,
,,,-00.000000048000,  -6.16000,
,,,-00.000000046000,  -6.16000,
,,,-00.000000044000,  -6.08000,
,,,-00.000000042000,  -6.16000,
,,,-00.000000040000,  -6.16000,
,,,-00.000000038000,  -6.16000,
,,,-00.000000036000,  -6.24000,
,,,-00.000000034000,  -6.16000,
,,,-00.000000032000,  -6.24000,
,,,-00.000000030000,  -6.16000,
,,,-00.000000028000,  -6.24000,
,,,-00.000000026000,  -6.16000,
,,,-00.000000024000,  -6.24000,
,,,-00.000000022000,  -6.24000,
,,,-00.000000020000,  -6.16000,
,,,-00.000000018000,  -6.16000,
,,,-00.000000016000,  -6.16000,
,,,-00.000000014000,  -5.92000,
,,,-00.000000012000,  -5.76000,
,,,-00.000000010000,  -5.52000,
,,,-00.000000008000,  -5.12000,
,,,-00.000000006000,  -4.88000,
,,,-00.000000004000,  -4.48000,
,,,-00.000000002000,  -3.92000,
,,,-00.000000000000,  -3.36000,
,,,00.000000002000,  -2.88000,
,,,00.000000004000,  -2.40000,
,,,00.000000006000,  -1.92000,
,,,00.000000008000,  -1.44000,
,,,00.000000010000,  -0.96000,
,,,00.000000012000,  -0.56000,
,,,00.000000014000,  -0.08000,
,,,00.000000016000,   0.40000,
,,,00.000000018000,   0.80000,
,,,00.000000020000,   1.28000,
,,,00.000000022000,   1.60000,
,,,00.000000024000,   1.92000,
,,,00.000000026000,   2.16000,
,,,00.000000028000,   2.40000,
,,,00.000000030000,   2.64000,
,,,00.000000032000,   2.88000,
,,,00.000000034000,   3.12000,
,,,00.000000036000,   3.36000,
,,,00.000000038000,   3.60000,
,,,00.000000040000,   3.68000,
,,,00.000000042000,   3.76000,
,,,00.000000044000,   4.00000,
,,,00.000000046000,   4.08000,
,,,00.000000048000,   4.16000,
,,,00.000000050000,   4.32000,
,,,00.000000052000,   4.48000,
,,,00.000000054000,   4.56000,
,,,00.000000056000,   4.64000,
,,,00.000000058000,   4.64000,
,,,00.000000060000,   4.72000,
,,,00.000000062000,   4.88000,
,,,00.000000064000,   4.96000,
,,,00.000000066000,   4.96000,
,,,00.000000068000,   5.04000,
,,,00.000000070000,   4.96000,
,,,00.000000072000,   5.12000,
,,,00.000000074000,   5.20000,
,,,00.000000076000,   5.20000,
,,,00.000000078000,   5.28000,
,,,00.000000080000,   5.28000,
,,,00.000000082000,   5.28000,
,,,00.000000084000,   5.36000,
,,,00.000000086000,   5.44000,
,,,00.000000088000,   5.36000,
,,,00.000000090000,   5.44000,
,,,00.000000092000,   5.44000,
,,,00.000000094000,   5.60000,
,,,00.000000096000,   5.52000,
,,,00.000000098000,   5.52000,
,,,00.000000100000,   5.60000,
,,,00.000000102000,   5.52000,
,,,00.000000104000,   5.60000,
,,,00.000000106000,   5.60000,
,,,00.000000108000,   5.60000,
,,,00.000000110000,   5.60000,
,,,00.000000112000,   5.60000,
,,,00.000000114000,   5.52000,
,,,00.000000116000,   5.60000,
,,,00.000000118000,   5.68000,
,,,00.000000120000,   5.68000,
,,,00.000000122000,   5.60000,
,,,00.000000124000,   5.60000,
,,,00.000000126000,   5.68000,
,,,00.000000128000,   5.68000,
,,,00.000000130000,   5.76000,
,,,00.000000132000,   5.60000,
,,,00.000000134000,   5.76000,
,,,00.000000136000,   5.68000,
,,,00.000000138000,   5.68000,
,,,00.000000140000,   5.60000,
,,,00.000000142000,   5.60000,
,,,00.000000144000,   5.68000,
,,,00.000000146000,   5.60000,
,,,00.000000148000,   5.60000,
,,,00.000000150000,   5.68000,
,,,00.000000152000,   5.76000,
,,,00.000000154000,   5.76000,
,,,00.000000156000,   5.68000,
,,,00.000000158000,   5.76000,
,,,00.000000160000,   5.68000,
,,,00.000000162000,   5.68000,
,,,00.000000164000,   5.68000,
,,,00.000000166000,   5.68000,
,,,00.000000168000,   5.68000,
,,,00.000000170000,   5.68000,
,,,00.000000172000,   5.76000,
,,,00.000000174000,   5.76000,
,,,00.000000176000,   5.76000,
,,,00.000000178000,   5.76000,
,,,00.000000180000,   5.68000,
,,,00.000000182000,   5.68000,
,,,00.000000184000,   5.76000,
,,,00.000000186000,   5.84000,
,,,00.000000188000,   5.76000,
,,,00.000000190000,   5.68000,
,,,00.000000192000,   5.68000,
,,,00.000000194000,   5.76000,
,,,00.000000196000,   5.68000,
,,,00.000000198000,   5.76000,
,,,00.000000200000,   5.68000,
,,,00.000000202000,   5.84000,
,,,00.000000204000,   5.76000,
,,,00.000000206000,   5.76000,
,,,00.000000208000,   5.68000,
,,,00.000000210000,   5.84000,
,,,00.000000212000,   5.76000,
,,,00.000000214000,   5.76000,
,,,00.000000216000,   5.76000,
,,,00.000000218000,   5.68000,
,,,00.000000220000,   5.76000,
,,,00.000000222000,   5.76000,
,,,00.000000224000,   5.76000,
,,,00.000000226000,   5.84000,
,,,00.000000228000,   5.76000,
,,,00.000000230000,   5.76000,
,,,00.000000232000,   5.68000,
,,,00.000000234000,   5.76000,
,,,00.000000236000,   5.68000,
,,,00.000000238000,   5.76000,
,,,00.000000240000,   5.76000,
,,,00.000000242000,   5.76000,
,,,00.000000244000,   5.68000,
,,,00.000000246000,   5.68000,
,,,00.000000248000,   5.68000,
,,,00.000000250000,   5.76000,
,,,00.000000252000,   5.76000,
,,,00.000000254000,   5.76000,
,,,00.000000256000,   5.76000,
,,,00.000000258000,   5.76000,
,,,00.000000260000,   5.68000,
,,,00.000000262000,   5.68000,
,,,00.000000264000,   5.76000,
,,,00.000000266000,   5.68000,
,,,00.000000268000,   5.76000,
,,,00.000000270000,   5.76000,
,,,00.000000272000,   5.76000,
,,,00.000000274000,   5.68000,
,,,00.000000276000,   5.76000,
,,,00.000000278000,   5.76000,
,,,00.000000280000,   5.68000,
,,,00.000000282000,   5.68000,
,,,00.000000284000,   5.76000,
,,,00.000000286000,   5.76000,
,,,00.000000288000,   5.76000,
,,,00.000000290000,   5.76000,
,,,00.000000292000,   5.84000,
,,,00.000000294000,   5.68000,
,,,00.000000296000,   5.68000,
,,,00.000000298000,   5.76000,
,,,00.000000300000,   5.68000,
,,,00.000000302000,   5.76000,
,,,00.000000304000,   5.84000,
,,,00.000000306000,   5.76000,
,,,00.000000308000,   5.76000,
,,,00.000000310000,   5.84000,
,,,00.000000312000,   5.60000,
,,,00.000000314000,   5.68000,
,,,00.000000316000,   5.76000,
,,,00.000000318000,   5.76000,
,,,00.000000320000,   5.68000,
,,,00.000000322000,   5.68000,
,,,00.000000324000,   5.76000,
,,,00.000000326000,   5.76000,
,,,00.000000328000,   5.76000,
,,,00.000000330000,   5.76000,
,,,00.000000332000,   5.68000,
,,,00.000000334000,   5.76000,
,,,00.000000336000,   5.76000,
,,,00.000000338000,   5.76000,
,,,00.000000340000,   5.76000,
,,,00.000000342000,   5.76000,
,,,00.000000344000,   5.76000,
,,,00.000000346000,   5.76000,
,,,00.000000348000,   5.76000,
,,,00.000000350000,   5.76000,
,,,00.000000352000,   5.68000,
,,,00.000000354000,   5.76000,
,,,00.000000356000,   5.84000,
,,,00.000000358000,   5.76000,
,,,00.000000360000,   5.76000,
,,,00.000000362000,   5.68000,
,,,00.000000364000,   5.68000,
,,,00.000000366000,   5.60000,
,,,00.000000368000,   5.76000,
,,,00.000000370000,   5.76000,
,,,00.000000372000,   5.68000,
,,,00.000000374000,   5.68000,
,,,00.000000376000,   5.68000,
,,,00.000000378000,   5.68000,
,,,00.000000380000,   5.68000,
,,,00.000000382000,   5.68000,
,,,00.000000384000,   5.84000,
,,,00.000000386000,   5.76000,
,,,00.000000388000,   5.76000,
,,,00.000000390000,   5.68000,
,,,00.000000392000,   5.76000,
,,,00.000000394000,   5.76000,
,,,00.000000396000,   5.76000,
,,,00.000000398000,   5.76000,
,,,00.000000400000,   5.76000,
,,,00.000000402000,   5.68000,
,,,00.000000404000,   5.68000,
,,,00.000000406000,   5.76000,
,,,00.000000408000,   5.68000,
,,,00.000000410000,   5.76000,
,,,00.000000412000,   5.60000,
,,,00.000000414000,   5.68000,
,,,00.000000416000,   5.68000,
,,,00.000000418000,   5.68000,
,,,00.000000420000,   5.68000,
,,,00.000000422000,   5.60000,
,,,00.000000424000,   5.44000,
,,,00.000000426000,   5.44000,
,,,00.000000428000,   5.28000,
,,,00.000000430000,   4.88000,
,,,00.000000432000,   4.56000,
,,,00.000000434000,   4.16000,
,,,00.000000436000,   3.76000,
,,,00.000000438000,   3.28000,
,,,00.000000440000,   2.88000,
,,,00.000000442000,   2.48000,
,,,00.000000444000,   1.92000,
,,,00.000000446000,   1.52000,
,,,00.000000448000,   1.12000,
,,,00.000000450000,   0.64000,
,,,00.000000452000,   0.40000,
,,,00.000000454000,  -0.16000,
,,,00.000000456000,  -0.56000,
,,,00.000000458000,  -1.04000,
,,,00.000000460000,  -1.44000,
,,,00.000000462000,  -1.84000,
,,,00.000000464000,  -2.08000,
,,,00.000000466000,  -2.40000,
,,,00.000000468000,  -2.64000,
,,,00.000000470000,  -2.96000,
,,,00.000000472000,  -3.20000,
,,,00.000000474000,  -3.44000,
,,,00.000000476000,  -3.68000,
,,,00.000000478000,  -3.92000,
,,,00.000000480000,  -3.92000,
,,,00.000000482000,  -4.24000,
,,,00.000000484000,  -4.32000,
,,,00.000000486000,  -4.48000,
,,,00.000000488000,  -4.64000,
,,,00.000000490000,  -4.80000,
,,,00.000000492000,  -4.80000,
,,,00.000000494000,  -4.88000,
,,,00.000000496000,  -5.04000,
,,,00.000000498000,  -5.20000,
,,,00.000000500000,  -5.28000,
,,,00.000000502000,  -5.36000,
,,,00.000000504000,  -5.28000,
,,,00.000000506000,  -5.44000,
,,,00.000000508000,  -5.44000,
,,,00.000000510000,  -5.52000,
,,,00.000000512000,  -5.68000,
,,,00.000000514000,  -5.60000,
,,,00.000000516000,  -5.76000,
,,,00.000000518000,  -5.76000,
,,,00.000000520000,  -5.76000,
,,,00.000000522000,  -5.84000,
,,,00.000000524000,  -5.92000,
,,,00.000000526000,  -6.00000,
,,,00.000000528000,  -5.84000,
,,,00.000000530000,  -6.00000,
,,,00.000000532000,  -6.00000,
,,,00.000000534000,  -6.00000,
,,,00.000000536000,  -6.08000,
,,,00.000000538000,  -6.08000,
,,,00.000000540000,  -6.08000,
,,,00.000000542000,  -6.08000,
,,,00.000000544000,  -6.08000,
,,,00.000000546000,  -6.08000,
,,,00.000000548000,  -6.16000,
,,,00.000000550000,  -6.08000,
,,,00.000000552000,  -6.16000,
,,,00.000000554000,  -6.08000,
,,,00.000000556000,  -6.16000,
,,,00.000000558000,  -6.16000,
,,,00.000000560000,  -6.16000,
,,,00.000000562000,  -6.16000,
,,,00.000000564000,  -6.16000,
,,,00.000000566000,  -6.16000,
,,,00.000000568000,  -6.16000,
,,,00.000000570000,  -6.16000,
,,,00.000000572000,  -6.24000,
,,,00.000000574000,  -6.24000,
,,,00.000000576000,  -6.24000,
,,,00.000000578000,  -6.16000,
,,,00.000000580000,  -6.16000,
,,,00.000000582000,  -6.24000,
,,,00.000000584000,  -6.24000,
,,,00.000000586000,  -6.32000,
,,,00.000000588000,  -6.24000,
,,,00.000000590000,  -6.24000,
,,,00.000000592000,  -6.24000,
,,,00.000000594000,  -6.16000,
,,,00.000000596000,  -6.24000,
,,,00.000000598000,  -6.24000,
,,,00.000000600000,  -6.24000,
,,,00.000000602000,  -6.24000,
,,,00.000000604000,  -6.24000,
,,,00.000000606000,  -6.24000,
,,,00.000000608000,  -6.24000,
,,,00.000000610000,  -6.24000,
,,,00.000000612000,  -6.32000,
,,,00.000000614000,  -6.16000,
,,,00.000000616000,  -6.24000,
,,,00.000000618000,  -6.24000,
,,,00.000000620000,  -6.24000,
,,,00.000000622000,  -6.32000,
,,,00.000000624000,  -6.24000,
,,,00.000000626000,  -6.32000,
,,,00.000000628000,  -6.32000,
,,,00.000000630000,  -6.32000,
,,,00.000000632000,  -6.32000,
,,,00.000000634000,  -6.24000,
,,,00.000000636000,  -6.24000,
,,,00.000000638000,  -6.32000,
,,,00.000000640000,  -6.24000,
,,,00.000000642000,  -6.32000,
,,,00.000000644000,  -6.24000,
,,,00.000000646000,  -6.32000,
,,,00.000000648000,  -6.24000,
,,,00.000000650000,  -6.32000,
,,,00.000000652000,  -6.24000,
,,,00.000000654000,  -6.32000,
,,,00.000000656000,  -6.40000,
,,,00.000000658000,  -6.32000,
,,,00.000000660000,  -6.32000,
,,,00.000000662000,  -6.32000,
,,,00.000000664000,  -6.32000,
,,,00.000000666000,  -6.32000,
,,,00.000000668000,  -6.32000,
,,,00.000000670000,  -6.32000,
,,,00.000000672000,  -6.24000,
,,,00.000000674000,  -6.32000,
,,,00.000000676000,  -6.24000,
,,,00.000000678000,  -6.32000,
,,,00.000000680000,  -6.24000,
,,,00.000000682000,  -6.32000,
,,,00.000000684000,  -6.24000,
,,,00.000000686000,  -6.24000,
,,,00.000000688000,  -6.24000,
,,,00.000000690000,  -6.24000,
,,,00.000000692000,  -6.32000,
,,,00.000000694000,  -6.24000,
,,,00.000000696000,  -6.24000,
,,,00.000000698000,  -6.32000,
,,,00.000000700000,  -6.24000,
,,,00.000000702000,  -6.24000,
,,,00.000000704000,  -6.24000,
,,,00.000000706000,  -6.24000,
,,,00.000000708000,  -6.32000,
,,,00.000000710000,  -6.24000,
,,,00.000000712000,  -6.24000,
,,,00.000000714000,  -6.32000,
,,,00.000000716000,  -6.24000,
,,,00.000000718000,  -6.24000,
,,,00.000000720000,  -6.16000,
,,,00.000000722000,  -6.24000,
,,,00.000000724000,  -6.24000,
,,,00.000000726000,  -6.24000,
,,,00.000000728000,  -6.24000,
,,,00.000000730000,  -6.24000,
,,,00.000000732000,  -6.24000,
,,,00.000000734000,  -6.24000,
,,,00.000000736000,  -6.32000,
,,,00.000000738000,  -6.32000,
,,,00.000000740000,  -6.32000,
,,,00.000000742000,  -6.24000,
,,,00.000000744000,  -6.24000,
,,,00.000000746000,  -6.32000,
,,,00.000000748000,  -6.24000,
,,,00.000000750000,  -6.16000,
,,,00.000000752000,  -6.24000,
,,,00.000000754000,  -6.32000,
,,,00.000000756000,  -6.24000,
,,,00.000000758000,  -6.24000,
,,,00.000000760000,  -6.24000,
,,,00.000000762000,  -6.32000,
,,,00.000000764000,  -6.32000,
,,,00.000000766000,  -6.24000,
,,,00.000000768000,  -6.24000,
,,,00.000000770000,  -6.32000,
,,,00.000000772000,  -6.24000,
,,,00.000000774000,  -6.24000,
,,,00.000000776000,  -6.24000,
,,,00.000000778000,  -6.32000,
,,,00.000000780000,  -6.32000,
,,,00.000000782000,  -6.24000,
,,,00.000000784000,  -6.24000,
,,,00.000000786000,  -6.32000,
,,,00.000000788000,  -6.32000,
,,,00.000000790000,  -6.32000,
,,,00.000000792000,  -6.24000,
,,,00.000000794000,  -6.32000,
,,,00.000000796000,  -6.24000,
,,,00.000000798000,  -6.32000,
,,,00.000000800000,  -6.24000,
,,,00.000000802000,  -6.24000,
,,,00.000000804000,  -6.32000,
,,,00.000000806000,  -6.32000,
,,,00.000000808000,  -6.32000,
,,,00.000000810000,  -6.40000,
,,,00.000000812000,  -6.32000,
,,,00.000000814000,  -6.32000,
,,,00.000000816000,  -6.24000,
,,,00.000000818000,  -6.24000,
,,,00.000000820000,  -6.32000,
,,,00.000000822000,  -6.24000,
,,,00.000000824000,  -6.24000,
,,,00.000000826000,  -6.24000,
,,,00.000000828000,  -6.16000,
,,,00.000000830000,  -6.24000,
,,,00.000000832000,  -6.32000,
,,,00.000000834000,  -6.16000,
,,,00.000000836000,  -6.16000,
,,,00.000000838000,  -6.24000,
,,,00.000000840000,  -6.32000,
,,,00.000000842000,  -6.32000,
,,,00.000000844000,  -6.24000,
,,,00.000000846000,  -6.32000,
,,,00.000000848000,  -6.24000,
,,,00.000000850000,  -6.16000,
,,,00.000000852000,  -6.32000,
,,,00.000000854000,  -6.24000,
,,,00.000000856000,  -6.32000,
,,,00.000000858000,  -6.24000,
,,,00.000000860000,  -6.16000,
,,,00.000000862000,  -6.16000,
,,,00.000000864000,  -6.08000,
,,,00.000000866000,  -5.92000,
,,,00.000000868000,  -5.68000,
,,,00.000000870000,  -5.36000,
,,,00.000000872000,  -4.96000,
,,,00.000000874000,  -4.56000,
,,,00.000000876000,  -4.16000,
,,,00.000000878000,  -3.60000,
,,,00.000000880000,  -3.20000,
,,,00.000000882000,  -2.64000,
,,,00.000000884000,  -2.16000,
,,,00.000000886000,  -1.60000,
,,,00.000000888000,  -1.28000,
,,,00.000000890000,  -0.80000,
,,,00.000000892000,  -0.24000,
,,,00.000000894000,   0.16000,
,,,00.000000896000,   0.56000,
,,,00.000000898000,   0.96000,
,,,00.000000900000,   1.36000,
,,,00.000000902000,   1.68000,
,,,00.000000904000,   2.00000,
,,,00.000000906000,   2.24000,
,,,00.000000908000,   2.56000,
,,,00.000000910000,   2.80000,
,,,00.000000912000,   3.12000,
,,,00.000000914000,   3.20000,
,,,00.000000916000,   3.36000,
,,,00.000000918000,   3.52000,
,,,00.000000920000,   3.76000,
,,,00.000000922000,   4.00000,
,,,00.000000924000,   4.00000,
,,,00.000000926000,   4.16000,
,,,00.000000928000,   4.24000,
,,,00.000000930000,   4.24000,
,,,00.000000932000,   4.40000,
,,,00.000000934000,   4.56000,
,,,00.000000936000,   4.72000,
,,,00.000000938000,   4.64000,
,,,00.000000940000,   4.72000,
,,,00.000000942000,   4.88000,
,,,00.000000944000,   4.96000,
,,,00.000000946000,   4.96000,
,,,00.000000948000,   4.96000,
,,,00.000000950000,   5.12000,
,,,00.000000952000,   5.20000,
,,,00.000000954000,   5.28000,
,,,00.000000956000,   5.20000,
,,,00.000000958000,   5.28000,
,,,00.000000960000,   5.36000,
,,,00.000000962000,   5.36000,
,,,00.000000964000,   5.36000,
,,,00.000000966000,   5.44000,
,,,00.000000968000,   5.52000,
,,,00.000000970000,   5.44000,
,,,00.000000972000,   5.44000,
,,,00.000000974000,   5.44000,
,,,00.000000976000,   5.52000,
,,,00.000000978000,   5.52000,
,,,00.000000980000,   5.52000,
,,,00.000000982000,   5.60000,
,,,00.000000984000,   5.52000,
,,,00.000000986000,   5.76000,
,,,00.000000988000,   5.68000,
,,,00.000000990000,   5.68000,
,,,00.000000992000,   5.68000,
,,,00.000000994000,   5.76000,
,,,00.000000996000,   5.60000,
,,,00.000000998000,   5.60000,
,,,00.000001000000,   5.60000,
,,,00.000001002000,   5.60000,
,,,00.000001004000,   5.68000,
,,,00.000001006000,   5.60000,
,,,00.000001008000,   5.60000,
,,,00.000001010000,   5.68000,
,,,00.000001012000,   5.68000,
,,,00.000001014000,   5.68000,
,,,00.000001016000,   5.60000,
,,,00.000001018000,   5.68000,
,,,00.000001020000,   5.68000,
,,,00.000001022000,   5.68000,
,,,00.000001024000,   5.68000,
,,,00.000001026000,   5.68000,
,,,00.000001028000,   5.68000,
,,,00.000001030000,   5.68000,
,,,00.000001032000,   5.60000,
,,,00.000001034000,   5.68000,
,,,00.000001036000,   5.68000,
,,,00.000001038000,   5.68000,
,,,00.000001040000,   5.60000,
,,,00.000001042000,   5.76000,
,,,00.000001044000,   5.76000,
,,,00.000001046000,   5.76000,
,,,00.000001048000,   5.76000,
,,,00.000001050000,   5.68000,
,,,00.000001052000,   5.76000,
,,,00.000001054000,   5.68000,
,,,00.000001056000,   5.76000,
,,,00.000001058000,   5.68000,
,,,00.000001060000,   5.68000,
,,,00.000001062000,   5.68000,
,,,00.000001064000,   5.68000,
,,,00.000001066000,   5.68000,
,,,00.000001068000,   5.76000,
,,,00.000001070000,   5.84000,
,,,00.000001072000,   5.76000,
,,,00.000001074000,   5.76000,
,,,00.000001076000,   5.76000,
,,,00.000001078000,   5.84000,
,,,00.000001080000,   5.84000,
,,,00.000001082000,   5.84000,
,,,00.000001084000,   5.84000,
,,,00.000001086000,   5.76000,
,,,00.000001088000,   5.68000,
,,,00.000001090000,   5.76000,
,,,00.000001092000,   5.76000,
,,,00.000001094000,   5.76000,
,,,00.000001096000,   5.84000,
,,,00.000001098000,   5.76000,
,,,00.000001100000,   5.68000,
,,,00.000001102000,   5.76000,
,,,00.000001104000,   5.76000,
,,,00.000001106000,   5.76000,
,,,00.000001108000,   5.76000,
,,,00.000001110000,   5.84000,
,,,00.000001112000,   5.68000,
,,,00.000001114000,   5.76000,
,,,00.000001116000,   5.68000,
,,,00.000001118000,   5.76000,
,,,00.000001120000,   5.76000,
,,,00.000001122000,   5.76000,
,,,00.000001124000,   5.68000,
,,,00.000001126000,   5.68000,
,,,00.000001128000,   5.76000,
,,,00.000001130000,   5.68000,
,,,00.000001132000,   5.76000,
,,,00.000001134000,   5.76000,
,,,00.000001136000,   5.76000,
,,,00.000001138000,   5.76000,
,,,00.000001140000,   5.76000,
,,,00.000001142000,   5.84000,
,,,00.000001144000,   5.76000,
,,,00.000001146000,   5.76000,
,,,00.000001148000,   5.76000,
,,,00.000001150000,   5.76000,
,,,00.000001152000,   5.76000,
,,,00.000001154000,   5.68000,
,,,00.000001156000,   5.76000,
,,,00.000001158000,   5.68000,
,,,00.000001160000,   5.76000,
,,,00.000001162000,   5.84000,
,,,00.000001164000,   5.68000,
,,,00.000001166000,   5.76000,
,,,00.000001168000,   5.76000,
,,,00.000001170000,   5.68000,
,,,00.000001172000,   5.68000,
,,,00.000001174000,   5.76000,
,,,00.000001176000,   5.76000,
,,,00.000001178000,   5.76000,
,,,00.000001180000,   5.76000,
,,,00.000001182000,   5.84000,
,,,00.000001184000,   5.76000,
,,,00.000001186000,   5.76000,
,,,00.000001188000,   5.68000,
,,,00.000001190000,   5.76000,
,,,00.000001192000,   5.84000,
,,,00.000001194000,   5.76000,
,,,00.000001196000,   5.76000,
,,,00.000001198000,   5.84000,
,,,00.000001200000,   5.76000,
,,,00.000001202000,   5.76000,
,,,00.000001204000,   5.76000,
,,,00.000001206000,   5.76000,
,,,00.000001208000,   5.84000,
,,,00.000001210000,   5.84000,
,,,00.000001212000,   5.76000,
,,,00.000001214000,   5.76000,
,,,00.000001216000,   5.76000,
,,,00.000001218000,   5.84000,
,,,00.000001220000,   5.60000,
,,,00.000001222000,   5.84000,
,,,00.000001224000,   5.76000,
,,,00.000001226000,   5.76000,
,,,00.000001228000,   5.76000,
,,,00.000001230000,   5.76000,
,,,00.000001232000,   5.76000,
,,,00.000001234000,   5.84000,
,,,00.000001236000,   5.76000,
,,,00.000001238000,   5.76000,
,,,00.000001240000,   5.76000,
,,,00.000001242000,   5.76000,
,,,00.000001244000,   5.84000,
,,,00.000001246000,   5.76000,
,,,00.000001248000,   5.76000,
,,,00.000001250000,   5.68000,
,,,00.000001252000,   5.76000,
,,,00.000001254000,   5.68000,
,,,00.000001256000,   5.68000,
,,,00.000001258000,   5.76000,
,,,00.000001260000,   5.68000,
,,,00.000001262000,   5.68000,
,,,00.000001264000,   5.76000,
,,,00.000001266000,   5.76000,
,,,00.000001268000,   5.68000,
,,,00.000001270000,   5.60000,
,,,00.000001272000,   5.68000,
,,,00.000001274000,   5.68000,
,,,00.000001276000,   5.68000,
,,,00.000001278000,   5.68000,
,,,00.000001280000,   5.68000,
,,,00.000001282000,   5.68000,
,,,00.000001284000,   5.68000,
,,,00.000001286000,   5.60000,
,,,00.000001288000,   5.68000,
,,,00.000001290000,   5.68000,
,,,00.000001292000,   5.68000,
,,,00.000001294000,   5.68000,
,,,00.000001296000,   5.68000,
,,,00.000001298000,   5.60000,
,,,00.000001300000,   5.60000,
,,,00.000001302000,   5.52000,
,,,00.000001304000,   5.44000,
,,,00.000001306000,   5.28000,
,,,00.000001308000,   5.04000,
,,,00.000001310000,   4.72000,
,,,00.000001312000,   4.48000,
,,,00.000001314000,   4.00000,
,,,00.000001316000,   3.60000,
,,,00.000001318000,   3.12000,
,,,00.000001320000,   2.72000,
,,,00.000001322000,   2.24000,
,,,00.000001324000,   1.76000,
,,,00.000001326000,   1.44000,
,,,00.000001328000,   1.04000,
,,,00.000001330000,   0.56000,
,,,00.000001332000,   0.08000,
,,,00.000001334000,  -0.32000,
,,,00.000001336000,  -0.72000,
,,,00.000001338000,  -1.20000,
,,,00.000001340000,  -1.52000,
,,,00.000001342000,  -1.84000,
,,,00.000001344000,  -2.24000,
,,,00.000001346000,  -2.56000,
,,,00.000001348000,  -2.80000,
,,,00.000001350000,  -3.04000,
,,,00.000001352000,  -3.28000,
,,,00.000001354000,  -3.52000,
,,,00.000001356000,  -3.76000,
,,,00.000001358000,  -3.92000,
,,,00.000001360000,  -4.08000,
,,,00.000001362000,  -4.32000,
,,,00.000001364000,  -4.40000,
,,,00.000001366000,  -4.48000,
,,,00.000001368000,  -4.64000,
,,,00.000001370000,  -4.88000,
,,,00.000001372000,  -4.88000,
,,,00.000001374000,  -5.04000,
,,,00.000001376000,  -5.04000,
,,,00.000001378000,  -5.12000,
,,,00.000001380000,  -5.28000,
,,,00.000001382000,  -5.36000,
,,,00.000001384000,  -5.44000,
,,,00.000001386000,  -5.44000,
,,,00.000001388000,  -5.52000,
,,,00.000001390000,  -5.52000,
,,,00.000001392000,  -5.60000,
,,,00.000001394000,  -5.68000,
,,,00.000001396000,  -5.76000,
,,,00.000001398000,  -5.92000,
,,,00.000001400000,  -5.76000,
,,,00.000001402000,  -5.84000,
,,,00.000001404000,  -5.92000,
,,,00.000001406000,  -5.92000,
,,,00.000001408000,  -6.00000,
,,,00.000001410000,  -5.92000,
,,,00.000001412000,  -5.92000,
,,,00.000001414000,  -6.08000,
,,,00.000001416000,  -6.00000,
,,,00.000001418000,  -6.08000,
,,,00.000001420000,  -6.00000,
,,,00.000001422000,  -6.16000,
,,,00.000001424000,  -6.08000,
,,,00.000001426000,  -6.16000,
,,,00.000001428000,  -6.16000,
,,,00.000001430000,  -6.16000,
,,,00.000001432000,  -6.16000,
,,,00.000001434000,  -6.16000,
,,,00.000001436000,  -6.08000,
,,,00.000001438000,  -6.16000,
,,,00.000001440000,  -6.16000,
,,,00.000001442000,  -6.16000,
,,,00.000001444000,  -6.16000,
,,,00.000001446000,  -6.16000,
,,,00.000001448000,  -6.16000,
,,,00.000001450000,  -6.32000,
,,,00.000001452000,  -6.16000,
,,,00.000001454000,  -6.24000,
,,,00.000001456000,  -6.24000,
,,,00.000001458000,  -6.24000,
,,,00.000001460000,  -6.24000,
,,,00.000001462000,  -6.24000,
,,,00.000001464000,  -6.16000,
,,,00.000001466000,  -6.16000,
,,,00.000001468000,  -6.32000,
,,,00.000001470000,  -6.16000,
,,,00.000001472000,  -6.16000,
,,,00.000001474000,  -6.16000,
,,,00.000001476000,  -6.24000,
,,,00.000001478000,  -6.16000,
,,,00.000001480000,  -6.24000,
,,,00.000001482000,  -6.24000,
,,,00.000001484000,  -6.16000,
,,,00.000001486000,  -6.24000,
,,,00.000001488000,  -6.24000,
,,,00.000001490000,  -6.16000,
,,,00.000001492000,  -6.24000,
,,,00.000001494000,  -6.24000,
,,,00.000001496000,  -6.16000,
,,,00.000001498000,  -6.24000,
,,,00.000001500000,  -6.24000,
,,,00.000001502000,  -6.24000,
,,,00.000001504000,  -6.24000,
,,,00.000001506000,  -6.24000,
,,,00.000001508000,  -6.24000,
,,,00.000001510000,  -6.24000,
,,,00.000001512000,  -6.24000,
,,,00.000001514000,  -6.32000,
,,,00.000001516000,  -6.40000,
,,,00.000001518000,  -6.24000,
,,,00.000001520000,  -6.24000,
,,,00.000001522000,  -6.24000,
,,,00.000001524000,  -6.24000,
,,,00.000001526000,  -6.32000,
,,,00.000001528000,  -6.32000,
,,,00.000001530000,  -6.32000,
,,,00.000001532000,  -6.24000,
,,,00.000001534000,  -6.24000,
,,,00.000001536000,  -6.32000,
,,,00.000001538000,  -6.32000,
,,,00.000001540000,  -6.24000,
,,,00.000001542000,  -6.16000,
,,,00.000001544000,  -6.24000,
,,,00.000001546000,  -6.24000,
,,,00.000001548000,  -6.32000,
,,,00.000001550000,  -6.24000,
,,,00.000001552000,  -6.32000,
,,,00.000001554000,  -6.16000,
,,,00.000001556000,  -6.32000,
,,,00.000001558000,  -6.16000,
,,,00.000001560000,  -6.32000,
,,,00.000001562000,  -6.24000,
,,,00.000001564000,  -6.24000,
,,,00.000001566000,  -6.24000,
,,,00.000001568000,  -6.24000,
,,,00.000001570000,  -6.32000,
,,,00.000001572000,  -6.32000,
,,,00.000001574000,  -6.24000,
,,,00.000001576000,  -6.24000,
,,,00.000001578000,  -6.24000,
,,,00.000001580000,  -6.32000,
,,,00.000001582000,  -6.32000,
,,,00.000001584000,  -6.24000,
,,,00.000001586000,  -6.24000,
,,,00.000001588000,  -6.24000,
,,,00.000001590000,  -6.32000,
,,,00.000001592000,  -6.16000,
,,,00.000001594000,  -6.24000,
,,,00.000001596000,  -6.40000,
,,,00.000001598000,  -6.32000,
,,,00.000001600000,  -6.32000,
,,,00.000001602000,  -6.32000,
,,,00.000001604000,  -6.24000,
,,,00.000001606000,  -6.32000,
,,,00.000001608000,  -6.16000,
,,,00.000001610000,  -6.24000,
,,,00.000001612000,  -6.32000,
,,,00.000001614000,  -6.32000,
,,,00.000001616000,  -6.32000,
,,,00.000001618000,  -6.32000,
,,,00.000001620000,  -6.32000,
,,,00.000001622000,  -6.32000,
,,,00.000001624000,  -6.40000,
,,,00.000001626000,  -6.24000,
,,,00.000001628000,  -6.32000,
,,,00.000001630000,  -6.32000,
,,,00.000001632000,  -6.24000,
,,,00.000001634000,  -6.24000,
,,,00.000001636000,  -6.24000,
,,,00.000001638000,  -6.24000,
,,,00.000001640000,  -6.24000,
,,,00.000001642000,  -6.24000,
,,,00.000001644000,  -6.32000,
,,,00.000001646000,  -6.32000,
,,,00.000001648000,  -6.32000,
,,,00.000001650000,  -6.24000,
,,,00.000001652000,  -6.16000,
,,,00.000001654000,  -6.24000,
,,,00.000001656000,  -6.24000,
,,,00.000001658000,  -6.32000,
,,,00.000001660000,  -6.40000,
,,,00.000001662000,  -6.24000,
,,,00.000001664000,  -6.16000,
,,,00.000001666000,  -6.24000,
,,,00.000001668000,  -6.24000,
,,,00.000001670000,  -6.24000,
,,,00.000001672000,  -6.16000,
,,,00.000001674000,  -6.24000,
,,,00.000001676000,  -6.24000,
,,,00.000001678000,  -6.24000,
,,,00.000001680000,  -6.16000,
,,,00.000001682000,  -6.24000,
,,,00.000001684000,  -6.24000,
,,,00.000001686000,  -6.24000,
,,,00.000001688000,  -6.24000,
,,,00.000001690000,  -6.16000,
,,,00.000001692000,  -6.16000,
,,,00.000001694000,  -6.16000,
,,,00.000001696000,  -6.24000,
,,,00.000001698000,  -6.24000,
,,,00.000001700000,  -6.24000,
,,,00.000001702000,  -6.24000,
,,,00.000001704000,  -6.24000,
,,,00.000001706000,  -6.16000,
,,,00.000001708000,  -6.24000,
,,,00.000001710000,  -6.16000,
,,,00.000001712000,  -6.24000,
,,,00.000001714000,  -6.32000,
,,,00.000001716000,  -6.16000,
,,,00.000001718000,  -6.16000,
,,,00.000001720000,  -6.16000,
,,,00.000001722000,  -6.16000,
,,,00.000001724000,  -6.16000,
,,,00.000001726000,  -6.24000,
,,,00.000001728000,  -6.16000,
,,,00.000001730000,  -6.24000,
,,,00.000001732000,  -6.32000,
,,,00.000001734000,  -6.24000,
,,,00.000001736000,  -6.16000,
,,,00.000001738000,  -6.16000,
,,,00.000001740000,  -6.16000,
,,,00.000001742000,  -6.00000,
,,,00.000001744000,  -6.00000,
,,,00.000001746000,  -5.92000,
,,,00.000001748000,  -5.52000,
,,,00.000001750000,  -5.28000,
,,,00.000001752000,  -4.88000,
,,,00.000001754000,  -4.56000,
,,,00.000001756000,  -4.00000,
,,,00.000001758000,  -3.52000,
,,,00.000001760000,  -3.04000,
,,,00.000001762000,  -2.48000,
,,,00.000001764000,  -2.08000,
,,,00.000001766000,  -1.52000,
,,,00.000001768000,  -0.96000,
,,,00.000001770000,  -0.56000,
,,,00.000001772000,  -0.08000,
,,,00.000001774000,   0.24000,
,,,00.000001776000,   0.72000,
,,,00.000001778000,   1.12000,
,,,00.000001780000,   1.36000,
,,,00.000001782000,   1.76000,
,,,00.000001784000,   2.08000,
,,,00.000001786000,   2.40000,
,,,00.000001788000,   2.56000,
,,,00.000001790000,   2.80000,
,,,00.000001792000,   3.12000,
,,,00.000001794000,   3.28000,
,,,00.000001796000,   3.44000,
,,,00.000001798000,   3.60000,
,,,00.000001800000,   3.76000,
,,,00.000001802000,   3.92000,
,,,00.000001804000,   4.00000,
,,,00.000001806000,   4.16000,
,,,00.000001808000,   4.24000,
,,,00.000001810000,   4.40000,
,,,00.000001812000,   4.48000,
,,,00.000001814000,   4.48000,
,,,00.000001816000,   4.64000,
,,,00.000001818000,   4.80000,
,,,00.000001820000,   4.72000,
,,,00.000001822000,   4.88000,
,,,00.000001824000,   4.96000,
,,,00.000001826000,   5.04000,
,,,00.000001828000,   5.12000,
,,,00.000001830000,   5.12000,
,,,00.000001832000,   5.12000,
,,,00.000001834000,   5.20000,
,,,00.000001836000,   5.28000,
,,,00.000001838000,   5.28000,
,,,00.000001840000,   5.36000,
,,,00.000001842000,   5.28000,
,,,00.000001844000,   5.36000,
,,,00.000001846000,   5.44000,
,,,00.000001848000,   5.44000,
,,,00.000001850000,   5.44000,
,,,00.000001852000,   5.44000,
,,,00.000001854000,   5.44000,
,,,00.000001856000,   5.44000,
,,,00.000001858000,   5.52000,
,,,00.000001860000,   5.52000,
,,,00.000001862000,   5.60000,
,,,00.000001864000,   5.52000,
,,,00.000001866000,   5.60000,
,,,00.000001868000,   5.60000,
,,,00.000001870000,   5.60000,
,,,00.000001872000,   5.60000,
,,,00.000001874000,   5.68000,
,,,00.000001876000,   5.68000,
,,,00.000001878000,   5.68000,
,,,00.000001880000,   5.52000,
,,,00.000001882000,   5.60000,
,,,00.000001884000,   5.60000,
,,,00.000001886000,   5.68000,
,,,00.000001888000,   5.68000,
,,,00.000001890000,   5.76000,
,,,00.000001892000,   5.68000,
,,,00.000001894000,   5.76000,
,,,00.000001896000,   5.68000,
,,,00.000001898000,   5.60000,
,,,00.000001900000,   5.76000,
,,,00.000001902000,   5.68000,
,,,00.000001904000,   5.60000,
,,,00.000001906000,   5.68000,
,,,00.000001908000,   5.60000,
,,,00.000001910000,   5.68000,
,,,00.000001912000,   5.68000,
,,,00.000001914000,   5.76000,
,,,00.000001916000,   5.68000,
,,,00.000001918000,   5.68000,
,,,00.000001920000,   5.68000,
,,,00.000001922000,   5.60000,
,,,00.000001924000,   5.68000,
,,,00.000001926000,   5.68000,
,,,00.000001928000,   5.68000,
,,,00.000001930000,   5.68000,
,,,00.000001932000,   5.76000,
,,,00.000001934000,   5.68000,
,,,00.000001936000,   5.68000,
,,,00.000001938000,   5.68000,
,,,00.000001940000,   5.76000,
,,,00.000001942000,   5.76000,
,,,00.000001944000,   5.76000,
,,,00.000001946000,   5.68000,
,,,00.000001948000,   5.68000,
,,,00.000001950000,   5.76000,
,,,00.000001952000,   5.76000,
,,,00.000001954000,   5.84000,
,,,00.000001956000,   5.76000,
,,,00.000001958000,   5.76000,
,,,00.000001960000,   5.76000,
,,,00.000001962000,   5.68000,
,,,00.000001964000,   5.68000,
,,,00.000001966000,   5.76000,
,,,00.000001968000,   5.76000,
,,,00.000001970000,   5.76000,
,,,00.000001972000,   5.76000,
,,,00.000001974000,   5.76000,
,,,00.000001976000,   5.84000,
,,,00.000001978000,   5.76000,
,,,00.000001980000,   5.76000,
,,,00.000001982000,   5.84000,
,,,00.000001984000,   5.84000,
,,,00.000001986000,   5.68000,
,,,00.000001988000,   5.76000,
,,,00.000001990000,   5.76000,
,,,00.000001992000,   5.68000,
,,,00.000001994000,   5.76000,
,,,00.000001996000,   5.68000,
,,,00.000001998000,   5.68000,
,,,00.000002000000,   5.76000,
,,,00.000002002000,   5.76000,
,,,00.000002004000,   5.68000,
,,,00.000002006000,   5.76000,
,,,00.000002008000,   5.84000,
,,,00.000002010000,   5.84000,
,,,00.000002012000,   5.60000,
,,,00.000002014000,   5.76000,
,,,00.000002016000,   5.76000,
,,,00.000002018000,   5.76000,
,,,00.000002020000,   5.76000,
,,,00.000002022000,   5.68000,
,,,00.000002024000,   5.68000,
,,,00.000002026000,   5.68000,
,,,00.000002028000,   5.68000,
,,,00.000002030000,   5.68000,
,,,00.000002032000,   5.68000,
,,,00.000002034000,   5.68000,
,,,00.000002036000,   5.76000,
,,,00.000002038000,   5.68000,
,,,00.000002040000,   5.68000,
,,,00.000002042000,   5.68000,
,,,00.000002044000,   5.76000,
,,,00.000002046000,   5.68000,
,,,00.000002048000,   5.76000,
,,,00.000002050000,   5.76000,
,,,00.000002052000,   5.76000,
,,,00.000002054000,   5.76000,
,,,00.000002056000,   5.84000,
,,,00.000002058000,   5.76000,
,,,00.000002060000,   5.68000,
,,,00.000002062000,   5.76000,
,,,00.000002064000,   5.76000,
,,,00.000002066000,   5.84000,
,,,00.000002068000,   5.76000,
,,,00.000002070000,   5.68000,
,,,00.000002072000,   5.76000,
,,,00.000002074000,   5.84000,
,,,00.000002076000,   5.76000,
,,,00.000002078000,   5.68000,
,,,00.000002080000,   5.68000,
,,,00.000002082000,   5.68000,
,,,00.000002084000,   5.76000,
,,,00.000002086000,   5.84000,
,,,00.000002088000,   5.76000,
,,,00.000002090000,   5.76000,
,,,00.000002092000,   5.84000,
,,,00.000002094000,   5.68000,
,,,00.000002096000,   5.68000,
,,,00.000002098000,   5.76000,
,,,00.000002100000,   5.76000,
,,,00.000002102000,   5.76000,
,,,00.000002104000,   5.68000,
,,,00.000002106000,   5.68000,
,,,00.000002108000,   5.76000,
,,,00.000002110000,   5.76000,
,,,00.000002112000,   5.76000,
,,,00.000002114000,   5.68000,
,,,00.000002116000,   5.68000,
,,,00.000002118000,   5.76000,
,,,00.000002120000,   5.76000,
,,,00.000002122000,   5.68000,
,,,00.000002124000,   5.68000,
,,,00.000002126000,   5.68000,
,,,00.000002128000,   5.68000,
,,,00.000002130000,   5.68000,
,,,00.000002132000,   5.76000,
,,,00.000002134000,   5.68000,
,,,00.000002136000,   5.68000,
,,,00.000002138000,   5.68000,
,,,00.000002140000,   5.76000,
,,,00.000002142000,   5.68000,
,,,00.000002144000,   5.68000,
,,,00.000002146000,   5.68000,
,,,00.000002148000,   5.68000,
,,,00.000002150000,   5.76000,
,,,00.000002152000,   5.76000,
,,,00.000002154000,   5.68000,
,,,00.000002156000,   5.76000,
,,,00.000002158000,   5.60000,
,,,00.000002160000,   5.60000,
,,,00.000002162000,   5.60000,
,,,00.000002164000,   5.60000,
,,,00.000002166000,   5.68000,
,,,00.000002168000,   5.68000,
,,,00.000002170000,   5.60000,
,,,00.000002172000,   5.76000,
,,,00.000002174000,   5.68000,
,,,00.000002176000,   5.68000,
,,,00.000002178000,   5.60000,
,,,00.000002180000,   5.60000,
,,,00.000002182000,   5.52000,
,,,00.000002184000,   5.36000,
,,,00.000002186000,   5.20000,
,,,00.000002188000,   4.96000,
,,,00.000002190000,   4.64000,
,,,00.000002192000,   4.24000,
,,,00.000002194000,   3.84000,
,,,00.000002196000,   3.44000,
,,,00.000002198000,   3.04000,
,,,00.000002200000,   2.56000,
,,,00.000002202000,   2.08000,
,,,00.000002204000,   1.68000,
,,,00.000002206000,   1.28000,
,,,00.000002208000,   0.80000,
,,,00.000002210000,   0.40000,
,,,00.000002212000,  -0.08000,
,,,00.000002214000,  -0.48000,
,,,00.000002216000,  -0.88000,
,,,00.000002218000,  -1.36000,
,,,00.000002220000,  -1.52000,
,,,00.000002222000,  -1.92000,
,,,00.000002224000,  -2.24000,
,,,00.000002226000,  -2.56000,
,,,00.000002228000,  -2.88000,
,,,00.000002230000,  -3.12000,
,,,00.000002232000,  -3.36000,
,,,00.000002234000,  -3.60000,
,,,00.000002236000,  -3.68000,
,,,00.000002238000,  -4.00000,
,,,00.000002240000,  -4.24000,
,,,00.000002242000,  -4.40000,
,,,00.000002244000,  -4.40000,
,,,00.000002246000,  -4.56000,
,,,00.000002248000,  -4.72000,
,,,00.000002250000,  -4.80000,
,,,00.000002252000,  -4.96000,
,,,00.000002254000,  -4.96000,
,,,00.000002256000,  -5.12000,
,,,00.000002258000,  -5.20000,
,,,00.000002260000,  -5.36000,
,,,00.000002262000,  -5.36000,
,,,00.000002264000,  -5.44000,
,,,00.000002266000,  -5.44000,
,,,00.000002268000,  -5.52000,
,,,00.000002270000,  -5.60000,
,,,00.000002272000,  -5.60000,
,,,00.000002274000,  -5.68000,
,,,00.000002276000,  -5.76000,
,,,00.000002278000,  -5.76000,
,,,00.000002280000,  -5.84000,
,,,00.000002282000,  -5.84000,
,,,00.000002284000,  -5.92000,
,,,00.000002286000,  -5.92000,
,,,00.000002288000,  -6.00000,
,,,00.000002290000,  -6.00000,
,,,00.000002292000,  -6.00000,
,,,00.000002294000,  -6.08000,
,,,00.000002296000,  -6.08000,
,,,00.000002298000,  -6.00000,
,,,00.000002300000,  -6.08000,
,,,00.000002302000,  -6.08000,
,,,00.000002304000,  -6.08000,
,,,00.000002306000,  -6.16000,
,,,00.000002308000,  -6.24000,
,,,00.000002310000,  -6.08000,
,,,00.000002312000,  -6.16000,
,,,00.000002314000,  -6.16000,
,,,00.000002316000,  -6.16000,
,,,00.000002318000,  -6.16000,
,,,00.000002320000,  -6.16000,
,,,00.000002322000,  -6.16000,
,,,00.000002324000,  -6.08000,
,,,00.000002326000,  -6.16000,
,,,00.000002328000,  -6.16000,
,,,00.000002330000,  -6.16000,
,,,00.000002332000,  -6.16000,
,,,00.000002334000,  -6.16000,
,,,00.000002336000,  -6.16000,
,,,00.000002338000,  -6.24000,
,,,00.000002340000,  -6.24000,
,,,00.000002342000,  -6.24000,
,,,00.000002344000,  -6.16000,
,,,00.000002346000,  -6.24000,
,,,00.000002348000,  -6.24000,
,,,00.000002350000,  -6.16000,
,,,00.000002352000,  -6.16000,
,,,00.000002354000,  -6.16000,
,,,00.000002356000,  -6.16000,
,,,00.000002358000,  -6.24000,
,,,00.000002360000,  -6.24000,
,,,00.000002362000,  -6.24000,
,,,00.000002364000,  -6.24000,
,,,00.000002366000,  -6.16000,
,,,00.000002368000,  -6.24000,
,,,00.000002370000,  -6.24000,
,,,00.000002372000,  -6.24000,
,,,00.000002374000,  -6.24000,
,,,00.000002376000,  -6.16000,
,,,00.000002378000,  -6.24000,
,,,00.000002380000,  -6.24000,
,,,00.000002382000,  -6.32000,
,,,00.000002384000,  -6.24000,
,,,00.000002386000,  -6.16000,
,,,00.000002388000,  -6.32000,
,,,00.000002390000,  -6.24000,
,,,00.000002392000,  -6.24000,
,,,00.000002394000,  -6.32000,
,,,00.000002396000,  -6.24000,
,,,00.000002398000,  -6.32000,
,,,00.000002400000,  -6.16000,
,,,00.000002402000,  -6.24000,
,,,00.000002404000,  -6.24000,
,,,00.000002406000,  -6.24000,
,,,00.000002408000,  -6.32000,
,,,00.000002410000,  -6.24000,
,,,00.000002412000,  -6.32000,
,,,00.000002414000,  -6.24000,
,,,00.000002416000,  -6.32000,
,,,00.000002418000,  -6.24000,
,,,00.000002420000,  -6.40000,
,,,00.000002422000,  -6.24000,
,,,00.000002424000,  -6.32000,
,,,00.000002426000,  -6.24000,
,,,00.000002428000,  -6.24000,
,,,00.000002430000,  -6.24000,
,,,00.000002432000,  -6.24000,
,,,00.000002434000,  -6.32000,
,,,00.000002436000,  -6.24000,
,,,00.000002438000,  -6.24000,
,,,00.000002440000,  -6.32000,
,,,00.000002442000,  -6.24000,
,,,00.000002444000,  -6.24000,
,,,00.000002446000,  -6.16000,
,,,00.000002448000,  -6.32000,
,,,00.000002450000,  -6.32000,
,,,00.000002452000,  -6.32000,
,,,00.000002454000,  -6.32000,
,,,00.000002456000,  -6.24000,
,,,00.000002458000,  -6.24000,
,,,00.000002460000,  -6.32000,
,,,00.000002462000,  -6.32000,
,,,00.000002464000,  -6.32000,
,,,00.000002466000,  -6.24000,
,,,00.000002468000,  -6.24000,
,,,00.000002470000,  -6.24000,
,,,00.000002472000,  -6.32000,
,,,00.000002474000,  -6.24000,
,,,00.000002476000,  -6.16000,
,,,00.000002478000,  -6.24000,
,,,00.000002480000,  -6.32000,
,,,00.000002482000,  -6.24000,
,,,00.000002484000,  -6.24000,
,,,00.000002486000,  -6.32000,
,,,00.000002488000,  -6.24000,
,,,00.000002490000,  -6.24000,
,,,00.000002492000,  -6.32000,
,,,00.000002494000,  -6.32000,
,,,00.000002496000,  -6.24000,
,,,00.000002498000,  -6.24000,
