<?xml version="1.0" encoding="UTF-8"?>
<AllKnows>
<Knows person="http://www.ic.unicamp.br/MC536/2013/2/allanbarboza" colleague="http://www.ic.unicamp.br/MC536/2013/2/felipenovaes"/>
<Knows person="http://www.ic.unicamp.br/MC536/2013/2/allanbarboza" colleague="http://www.ic.unicamp.br/MC536/2013/2/ivanpetrin"/>
<Knows person="http://www.ic.unicamp.br/MC536/2013/2/anthonyferreira" colleague="http://www.ic.unicamp.br/MC536/2013/2/andremoraes"/>
<Knows person="http://www.ic.unicamp.br/MC536/2013/2/anthonyferreira" colleague="http://www.ic.unicamp.br/MC536/2013/2/carlosgregoreki"/>
<Knows person="http://www.ic.unicamp.br/MC536/2013/2/anthonyferreira" colleague="http://www.ic.unicamp.br/MC536/2013/2/giovannaluca"/>
<Knows person="http://www.ic.unicamp.br/MC536/2013/2/anthonyferreira" colleague="http://www.ic.unicamp.br/MC536/2013/2/juliabeltrao"/>
<Knows person="http://www.ic.unicamp.br/MC536/2013/2/anthonyferreira" colleague="http://www.ic.unicamp.br/MC536/2013/2/lucasgoncalves"/>
<Knows person="http://www.ic.unicamp.br/MC536/2013/2/anthonyferreira" colleague="http://www.ic.unicamp.br/MC536/2013/2/lucasteixeira"/>
<Knows person="http://www.ic.unicamp.br/MC536/2013/2/anthonyferreira" colleague="http://www.ic.unicamp.br/MC536/2013/2/tharinemacerau"/>
<Knows person="http://www.ic.unicamp.br/MC536/2013/2/brunovilar" colleague="http://www.ic.unicamp.br/MC536/2013/2/andresantanche"/>
<Knows person="http://www.ic.unicamp.br/MC536/2013/2/brunovilar" colleague="http://www.ic.unicamp.br/MC536/2013/2/luizjunior"/>
<Knows person="http://www.ic.unicamp.br/MC536/2013/2/brunovilar" colleague="http://www.ic.unicamp.br/MC536/2013/2/renatosilva"/>
<Knows person="http://www.ic.unicamp.br/MC536/2013/2/danilotitato" colleague="http://www.ic.unicamp.br/MC536/2013/2/andretamanaha"/>
<Knows person="http://www.ic.unicamp.br/MC536/2013/2/danilotitato" colleague="http://www.ic.unicamp.br/MC536/2013/2/danielpazinato"/>
<Knows person="http://www.ic.unicamp.br/MC536/2013/2/danilotitato" colleague="http://www.ic.unicamp.br/MC536/2013/2/eduardobarbosa"/>
<Knows person="http://www.ic.unicamp.br/MC536/2013/2/danilotitato" colleague="http://www.ic.unicamp.br/MC536/2013/2/evertonsoares"/>
<Knows person="http://www.ic.unicamp.br/MC536/2013/2/danilotitato" colleague="http://www.ic.unicamp.br/MC536/2013/2/felipeoliveira"/>
<Knows person="http://www.ic.unicamp.br/MC536/2013/2/danilotitato" colleague="http://www.ic.unicamp.br/MC536/2013/2/ivanpetrin"/>
<Knows person="http://www.ic.unicamp.br/MC536/2013/2/danilotitato" colleague="http://www.ic.unicamp.br/MC536/2013/2/josephv"/>
<Knows person="http://www.ic.unicamp.br/MC536/2013/2/danilotitato" colleague="http://www.ic.unicamp.br/MC536/2013/2/juliabeltrao"/>
<Knows person="http://www.ic.unicamp.br/MC536/2013/2/danilotitato" colleague="http://www.ic.unicamp.br/MC536/2013/2/leonardosorensen"/>
<Knows person="http://www.ic.unicamp.br/MC536/2013/2/danilotitato" colleague="http://www.ic.unicamp.br/MC536/2013/2/marceloteixeira"/>
<Knows person="http://www.ic.unicamp.br/MC536/2013/2/danilotitato" colleague="http://www.ic.unicamp.br/MC536/2013/2/nicolasassumpcao"/>
<Knows person="http://www.ic.unicamp.br/MC536/2013/2/danilotitato" colleague="http://www.ic.unicamp.br/MC536/2013/2/pedrobrito"/>
<Knows person="http://www.ic.unicamp.br/MC536/2013/2/danilotitato" colleague="http://www.ic.unicamp.br/MC536/2013/2/pedromendonca"/>
<Knows person="http://www.ic.unicamp.br/MC536/2013/2/danilotitato" colleague="http://www.ic.unicamp.br/MC536/2013/2/rafaelcastelao"/>
<Knows person="http://www.ic.unicamp.br/MC536/2013/2/danilotitato" colleague="http://www.ic.unicamp.br/MC536/2013/2/rafaelcruz"/>
<Knows person="http://www.ic.unicamp.br/MC536/2013/2/danilotitato" colleague="http://www.ic.unicamp.br/MC536/2013/2/victorsouza"/>
<Knows person="http://www.ic.unicamp.br/MC536/2013/2/danilotitato" colleague="http://www.ic.unicamp.br/MC536/2013/2/williamtustumi"/>
<Knows person="http://www.ic.unicamp.br/MC536/2013/2/eduardobarbosa" colleague="http://www.ic.unicamp.br/MC536/2013/2/danielpazinato"/>
<Knows person="http://www.ic.unicamp.br/MC536/2013/2/eduardobarbosa" colleague="http://www.ic.unicamp.br/MC536/2013/2/felipeoliveira"/>
<Knows person="http://www.ic.unicamp.br/MC536/2013/2/eduardobarbosa" colleague="http://www.ic.unicamp.br/MC536/2013/2/juliabeltrao"/>
<Knows person="http://www.ic.unicamp.br/MC536/2013/2/eduardobarbosa" colleague="http://www.ic.unicamp.br/MC536/2013/2/rafaelcruz"/>
<Knows person="http://www.ic.unicamp.br/MC536/2013/2/eduardobarbosa" colleague="http://www.ic.unicamp.br/MC536/2013/2/williamikedo"/>
<Knows person="http://www.ic.unicamp.br/MC536/2013/2/felipenovaes" colleague="http://www.ic.unicamp.br/MC536/2013/2/allanbarboza"/>
<Knows person="http://www.ic.unicamp.br/MC536/2013/2/felipenovaes" colleague="http://www.ic.unicamp.br/MC536/2013/2/gabrielfranzoni"/>
<Knows person="http://www.ic.unicamp.br/MC536/2013/2/felipenovaes" colleague="http://www.ic.unicamp.br/MC536/2013/2/sergiojunior"/>
<Knows person="http://www.ic.unicamp.br/MC536/2013/2/gustavocrivelli" colleague="http://www.ic.unicamp.br/MC536/2013/2/andresantanche"/>
<Knows person="http://www.ic.unicamp.br/MC536/2013/2/gustavocrivelli" colleague="http://www.ic.unicamp.br/MC536/2013/2/andretamanaha"/>
<Knows person="http://www.ic.unicamp.br/MC536/2013/2/gustavocrivelli" colleague="http://www.ic.unicamp.br/MC536/2013/2/danielpazinato"/>
<Knows person="http://www.ic.unicamp.br/MC536/2013/2/gustavocrivelli" colleague="http://www.ic.unicamp.br/MC536/2013/2/erikebesui"/>
<Knows person="http://www.ic.unicamp.br/MC536/2013/2/gustavocrivelli" colleague="http://www.ic.unicamp.br/MC536/2013/2/evertonsoares"/>
<Knows person="http://www.ic.unicamp.br/MC536/2013/2/gustavocrivelli" colleague="http://www.ic.unicamp.br/MC536/2013/2/fernandafantelli"/>
<Knows person="http://www.ic.unicamp.br/MC536/2013/2/gustavocrivelli" colleague="http://www.ic.unicamp.br/MC536/2013/2/francescogarcia"/>
<Knows person="http://www.ic.unicamp.br/MC536/2013/2/gustavocrivelli" colleague="http://www.ic.unicamp.br/MC536/2013/2/gabrielfranzoni"/>
<Knows person="http://www.ic.unicamp.br/MC536/2013/2/gustavocrivelli" colleague="http://www.ic.unicamp.br/MC536/2013/2/giovannaluca"/>
<Knows person="http://www.ic.unicamp.br/MC536/2013/2/gustavocrivelli" colleague="http://www.ic.unicamp.br/MC536/2013/2/heldershimidu"/>
<Knows person="http://www.ic.unicamp.br/MC536/2013/2/gustavocrivelli" colleague="http://www.ic.unicamp.br/MC536/2013/2/joaodalben"/>
<Knows person="http://www.ic.unicamp.br/MC536/2013/2/gustavocrivelli" colleague="http://www.ic.unicamp.br/MC536/2013/2/joaohoffmam"/>
<Knows person="http://www.ic.unicamp.br/MC536/2013/2/gustavocrivelli" colleague="http://www.ic.unicamp.br/MC536/2013/2/joaorodrigues"/>
<Knows person="http://www.ic.unicamp.br/MC536/2013/2/gustavocrivelli" colleague="http://www.ic.unicamp.br/MC536/2013/2/juliabeltrao"/>
<Knows person="http://www.ic.unicamp.br/MC536/2013/2/gustavocrivelli" colleague="http://www.ic.unicamp.br/MC536/2013/2/luisbrito"/>
<Knows person="http://www.ic.unicamp.br/MC536/2013/2/gustavocrivelli" colleague="http://www.ic.unicamp.br/MC536/2013/2/luizvillela"/>
<Knows person="http://www.ic.unicamp.br/MC536/2013/2/gustavocrivelli" colleague="http://www.ic.unicamp.br/MC536/2013/2/matheusfigueiredo"/>
<Knows person="http://www.ic.unicamp.br/MC536/2013/2/gustavocrivelli" colleague="http://www.ic.unicamp.br/MC536/2013/2/pedrobrito"/>
<Knows person="http://www.ic.unicamp.br/MC536/2013/2/gustavocrivelli" colleague="http://www.ic.unicamp.br/MC536/2013/2/pedromendonca"/>
<Knows person="http://www.ic.unicamp.br/MC536/2013/2/gustavocrivelli" colleague="http://www.ic.unicamp.br/MC536/2013/2/ruitergripp"/>
<Knows person="http://www.ic.unicamp.br/MC536/2013/2/gustavocrivelli" colleague="http://www.ic.unicamp.br/MC536/2013/2/sergiojunior"/>
<Knows person="http://www.ic.unicamp.br/MC536/2013/2/gustavocrivelli" colleague="http://www.ic.unicamp.br/MC536/2013/2/thiagosantos"/>
<Knows person="http://www.ic.unicamp.br/MC536/2013/2/gustavocrivelli" colleague="http://www.ic.unicamp.br/MC536/2013/2/victorsouza"/>
<Knows person="http://www.ic.unicamp.br/MC536/2013/2/gustavocrivelli" colleague="http://www.ic.unicamp.br/MC536/2013/2/viniciusfrederico"/>
<Knows person="http://www.ic.unicamp.br/MC536/2013/2/ivanpetrin" colleague="http://www.ic.unicamp.br/MC536/2013/2/allanbarboza"/>
<Knows person="http://www.ic.unicamp.br/MC536/2013/2/ivanpetrin" colleague="http://www.ic.unicamp.br/MC536/2013/2/andremoraes"/>
<Knows person="http://www.ic.unicamp.br/MC536/2013/2/ivanpetrin" colleague="http://www.ic.unicamp.br/MC536/2013/2/andresantanche"/>
<Knows person="http://www.ic.unicamp.br/MC536/2013/2/ivanpetrin" colleague="http://www.ic.unicamp.br/MC536/2013/2/andreterron"/>
<Knows person="http://www.ic.unicamp.br/MC536/2013/2/ivanpetrin" colleague="http://www.ic.unicamp.br/MC536/2013/2/anthonyferreira"/>
<Knows person="http://www.ic.unicamp.br/MC536/2013/2/ivanpetrin" colleague="http://www.ic.unicamp.br/MC536/2013/2/caianbenedicto"/>
<Knows person="http://www.ic.unicamp.br/MC536/2013/2/ivanpetrin" colleague="http://www.ic.unicamp.br/MC536/2013/2/caiofinardi"/>
<Knows person="http://www.ic.unicamp.br/MC536/2013/2/ivanpetrin" colleague="http://www.ic.unicamp.br/MC536/2013/2/carlosgregoreki"/>
<Knows person="http://www.ic.unicamp.br/MC536/2013/2/ivanpetrin" colleague="http://www.ic.unicamp.br/MC536/2013/2/danielpazinato"/>
<Knows person="http://www.ic.unicamp.br/MC536/2013/2/ivanpetrin" colleague="http://www.ic.unicamp.br/MC536/2013/2/danilotitato"/>
<Knows person="http://www.ic.unicamp.br/MC536/2013/2/ivanpetrin" colleague="http://www.ic.unicamp.br/MC536/2013/2/eduardobarbosa"/>
<Knows person="http://www.ic.unicamp.br/MC536/2013/2/ivanpetrin" colleague="http://www.ic.unicamp.br/MC536/2013/2/erickseolin"/>
<Knows person="http://www.ic.unicamp.br/MC536/2013/2/ivanpetrin" colleague="http://www.ic.unicamp.br/MC536/2013/2/erikebesui"/>
<Knows person="http://www.ic.unicamp.br/MC536/2013/2/ivanpetrin" colleague="http://www.ic.unicamp.br/MC536/2013/2/evertonsoares"/>
<Knows person="http://www.ic.unicamp.br/MC536/2013/2/ivanpetrin" colleague="http://www.ic.unicamp.br/MC536/2013/2/fabiokubo"/>
<Knows person="http://www.ic.unicamp.br/MC536/2013/2/ivanpetrin" colleague="http://www.ic.unicamp.br/MC536/2013/2/felipeoliveira"/>
<Knows person="http://www.ic.unicamp.br/MC536/2013/2/ivanpetrin" colleague="http://www.ic.unicamp.br/MC536/2013/2/fernandothiers"/>
<Knows person="http://www.ic.unicamp.br/MC536/2013/2/ivanpetrin" colleague="http://www.ic.unicamp.br/MC536/2013/2/francescogarcia"/>
<Knows person="http://www.ic.unicamp.br/MC536/2013/2/ivanpetrin" colleague="http://www.ic.unicamp.br/MC536/2013/2/gabrieldivino"/>
<Knows person="http://www.ic.unicamp.br/MC536/2013/2/ivanpetrin" colleague="http://www.ic.unicamp.br/MC536/2013/2/georgeribeiro"/>
<Knows person="http://www.ic.unicamp.br/MC536/2013/2/ivanpetrin" colleague="http://www.ic.unicamp.br/MC536/2013/2/giovannaluca"/>
<Knows person="http://www.ic.unicamp.br/MC536/2013/2/ivanpetrin" colleague="http://www.ic.unicamp.br/MC536/2013/2/gustavobasso"/>
<Knows person="http://www.ic.unicamp.br/MC536/2013/2/ivanpetrin" colleague="http://www.ic.unicamp.br/MC536/2013/2/gustavocrivelli"/>
<Knows person="http://www.ic.unicamp.br/MC536/2013/2/ivanpetrin" colleague="http://www.ic.unicamp.br/MC536/2013/2/gustavooyakawa"/>
<Knows person="http://www.ic.unicamp.br/MC536/2013/2/ivanpetrin" colleague="http://www.ic.unicamp.br/MC536/2013/2/gustavorocha"/>
<Knows person="http://www.ic.unicamp.br/MC536/2013/2/ivanpetrin" colleague="http://www.ic.unicamp.br/MC536/2013/2/henriquelopes"/>
<Knows person="http://www.ic.unicamp.br/MC536/2013/2/ivanpetrin" colleague="http://www.ic.unicamp.br/MC536/2013/2/joaodalben"/>
<Knows person="http://www.ic.unicamp.br/MC536/2013/2/ivanpetrin" colleague="http://www.ic.unicamp.br/MC536/2013/2/josephv"/>
<Knows person="http://www.ic.unicamp.br/MC536/2013/2/ivanpetrin" colleague="http://www.ic.unicamp.br/MC536/2013/2/juliabeltrao"/>
<Knows person="http://www.ic.unicamp.br/MC536/2013/2/ivanpetrin" colleague="http://www.ic.unicamp.br/MC536/2013/2/leonardosorensen"/>
<Knows person="http://www.ic.unicamp.br/MC536/2013/2/ivanpetrin" colleague="http://www.ic.unicamp.br/MC536/2013/2/lucassouza"/>
<Knows person="http://www.ic.unicamp.br/MC536/2013/2/ivanpetrin" colleague="http://www.ic.unicamp.br/MC536/2013/2/lucasteixeira"/>
<Knows person="http://www.ic.unicamp.br/MC536/2013/2/ivanpetrin" colleague="http://www.ic.unicamp.br/MC536/2013/2/luizjunior"/>
<Knows person="http://www.ic.unicamp.br/MC536/2013/2/ivanpetrin" colleague="http://www.ic.unicamp.br/MC536/2013/2/luizvillela"/>
<Knows person="http://www.ic.unicamp.br/MC536/2013/2/ivanpetrin" colleague="http://www.ic.unicamp.br/MC536/2013/2/marceloteixeira"/>
<Knows person="http://www.ic.unicamp.br/MC536/2013/2/ivanpetrin" colleague="http://www.ic.unicamp.br/MC536/2013/2/marcosmonteiro"/>
<Knows person="http://www.ic.unicamp.br/MC536/2013/2/ivanpetrin" colleague="http://www.ic.unicamp.br/MC536/2013/2/nelsonjunior"/>
<Knows person="http://www.ic.unicamp.br/MC536/2013/2/ivanpetrin" colleague="http://www.ic.unicamp.br/MC536/2013/2/nicolasassumpcao"/>
<Knows person="http://www.ic.unicamp.br/MC536/2013/2/ivanpetrin" colleague="http://www.ic.unicamp.br/MC536/2013/2/pedrobrito"/>
<Knows person="http://www.ic.unicamp.br/MC536/2013/2/ivanpetrin" colleague="http://www.ic.unicamp.br/MC536/2013/2/pedromendonca"/>
<Knows person="http://www.ic.unicamp.br/MC536/2013/2/ivanpetrin" colleague="http://www.ic.unicamp.br/MC536/2013/2/rafaelcruz"/>
<Knows person="http://www.ic.unicamp.br/MC536/2013/2/ivanpetrin" colleague="http://www.ic.unicamp.br/MC536/2013/2/rodrigobenites"/>
<Knows person="http://www.ic.unicamp.br/MC536/2013/2/ivanpetrin" colleague="http://www.ic.unicamp.br/MC536/2013/2/rodrigosilva"/>
<Knows person="http://www.ic.unicamp.br/MC536/2013/2/ivanpetrin" colleague="http://www.ic.unicamp.br/MC536/2013/2/sergiojunior"/>
<Knows person="http://www.ic.unicamp.br/MC536/2013/2/ivanpetrin" colleague="http://www.ic.unicamp.br/MC536/2013/2/tharinemacerau"/>
<Knows person="http://www.ic.unicamp.br/MC536/2013/2/ivanpetrin" colleague="http://www.ic.unicamp.br/MC536/2013/2/thiagomartins"/>
<Knows person="http://www.ic.unicamp.br/MC536/2013/2/ivanpetrin" colleague="http://www.ic.unicamp.br/MC536/2013/2/tiagoferreira"/>
<Knows person="http://www.ic.unicamp.br/MC536/2013/2/ivanpetrin" colleague="http://www.ic.unicamp.br/MC536/2013/2/victorsouza"/>
<Knows person="http://www.ic.unicamp.br/MC536/2013/2/ivanpetrin" colleague="http://www.ic.unicamp.br/MC536/2013/2/williamikedo"/>
<Knows person="http://www.ic.unicamp.br/MC536/2013/2/ivanpetrin" colleague="http://www.ic.unicamp.br/MC536/2013/2/williamtustumi"/>
<Knows person="http://www.ic.unicamp.br/MC536/2013/2/ivanpetrin" colleague="http://www.ic.unicamp.br/MC536/2013/2/yansym"/>
<Knows person="http://www.ic.unicamp.br/MC536/2013/2/jorgemanjarrez" colleague="http://www.ic.unicamp.br/MC536/2013/2/alyssonsouza"/>
<Knows person="http://www.ic.unicamp.br/MC536/2013/2/josephv" colleague="http://www.ic.unicamp.br/MC536/2013/2/alissoncarvalho"/>
<Knows person="http://www.ic.unicamp.br/MC536/2013/2/josephv" colleague="http://www.ic.unicamp.br/MC536/2013/2/andresantanche"/>
<Knows person="http://www.ic.unicamp.br/MC536/2013/2/josephv" colleague="http://www.ic.unicamp.br/MC536/2013/2/andretamanaha"/>
<Knows person="http://www.ic.unicamp.br/MC536/2013/2/josephv" colleague="http://www.ic.unicamp.br/MC536/2013/2/andreterron"/>
<Knows person="http://www.ic.unicamp.br/MC536/2013/2/josephv" colleague="http://www.ic.unicamp.br/MC536/2013/2/danielpazinato"/>
<Knows person="http://www.ic.unicamp.br/MC536/2013/2/josephv" colleague="http://www.ic.unicamp.br/MC536/2013/2/danilotitato"/>
<Knows person="http://www.ic.unicamp.br/MC536/2013/2/josephv" colleague="http://www.ic.unicamp.br/MC536/2013/2/eduardocurado"/>
<Knows person="http://www.ic.unicamp.br/MC536/2013/2/josephv" colleague="http://www.ic.unicamp.br/MC536/2013/2/erickseolin"/>
<Knows person="http://www.ic.unicamp.br/MC536/2013/2/josephv" colleague="http://www.ic.unicamp.br/MC536/2013/2/felipeoliveira"/>
<Knows person="http://www.ic.unicamp.br/MC536/2013/2/josephv" colleague="http://www.ic.unicamp.br/MC536/2013/2/gustavorocha"/>
<Knows person="http://www.ic.unicamp.br/MC536/2013/2/josephv" colleague="http://www.ic.unicamp.br/MC536/2013/2/leonardosorensen"/>
<Knows person="http://www.ic.unicamp.br/MC536/2013/2/josephv" colleague="http://www.ic.unicamp.br/MC536/2013/2/pedromendonca"/>
<Knows person="http://www.ic.unicamp.br/MC536/2013/2/josephv" colleague="http://www.ic.unicamp.br/MC536/2013/2/sergiojunior"/>
<Knows person="http://www.ic.unicamp.br/MC536/2013/2/josephv" colleague="http://www.ic.unicamp.br/MC536/2013/2/thiagomartins"/>
<Knows person="http://www.ic.unicamp.br/MC536/2013/2/josephv" colleague="http://www.ic.unicamp.br/MC536/2013/2/thiagosantos"/>
<Knows person="http://www.ic.unicamp.br/MC536/2013/2/lucassouza" colleague="http://www.ic.unicamp.br/MC536/2013/2/andresantanche"/>
<Knows person="http://www.ic.unicamp.br/MC536/2013/2/lucassouza" colleague="http://www.ic.unicamp.br/MC536/2013/2/danielpazinato"/>
<Knows person="http://www.ic.unicamp.br/MC536/2013/2/lucassouza" colleague="http://www.ic.unicamp.br/MC536/2013/2/danilotitato"/>
<Knows person="http://www.ic.unicamp.br/MC536/2013/2/lucassouza" colleague="http://www.ic.unicamp.br/MC536/2013/2/evertonsoares"/>
<Knows person="http://www.ic.unicamp.br/MC536/2013/2/lucassouza" colleague="http://www.ic.unicamp.br/MC536/2013/2/fernandafantelli"/>
<Knows person="http://www.ic.unicamp.br/MC536/2013/2/lucassouza" colleague="http://www.ic.unicamp.br/MC536/2013/2/giovannaluca"/>
<Knows person="http://www.ic.unicamp.br/MC536/2013/2/lucassouza" colleague="http://www.ic.unicamp.br/MC536/2013/2/ivanpetrin"/>
<Knows person="http://www.ic.unicamp.br/MC536/2013/2/lucassouza" colleague="http://www.ic.unicamp.br/MC536/2013/2/juliabeltrao"/>
<Knows person="http://www.ic.unicamp.br/MC536/2013/2/lucassouza" colleague="http://www.ic.unicamp.br/MC536/2013/2/marcosmonteiro"/>
<Knows person="http://www.ic.unicamp.br/MC536/2013/2/lucassouza" colleague="http://www.ic.unicamp.br/MC536/2013/2/nicolasassumpcao"/>
<Knows person="http://www.ic.unicamp.br/MC536/2013/2/lucassouza" colleague="http://www.ic.unicamp.br/MC536/2013/2/pedromendonca"/>
<Knows person="http://www.ic.unicamp.br/MC536/2013/2/lucassouza" colleague="http://www.ic.unicamp.br/MC536/2013/2/rafaelcruz"/>
<Knows person="http://www.ic.unicamp.br/MC536/2013/2/lucassouza" colleague="http://www.ic.unicamp.br/MC536/2013/2/tharinemacerau"/>
<Knows person="http://www.ic.unicamp.br/MC536/2013/2/lucassouza" colleague="http://www.ic.unicamp.br/MC536/2013/2/victorsouza"/>
<Knows person="http://www.ic.unicamp.br/MC536/2013/2/luizjunior" colleague="http://www.ic.unicamp.br/MC536/2013/2/brunovilar"/>
<Knows person="http://www.ic.unicamp.br/MC536/2013/2/marceloteixeira" colleague="http://www.ic.unicamp.br/MC536/2013/2/andresantanche"/>
<Knows person="http://www.ic.unicamp.br/MC536/2013/2/marceloteixeira" colleague="http://www.ic.unicamp.br/MC536/2013/2/gustavooyakawa"/>
<Knows person="http://www.ic.unicamp.br/MC536/2013/2/marceloteixeira" colleague="http://www.ic.unicamp.br/MC536/2013/2/yansym"/>
<Knows person="http://www.ic.unicamp.br/MC536/2013/2/marcosmonteiro" colleague="http://www.ic.unicamp.br/MC536/2013/2/andresantanche"/>
<Knows person="http://www.ic.unicamp.br/MC536/2013/2/marcosmonteiro" colleague="http://www.ic.unicamp.br/MC536/2013/2/danielpazinato"/>
<Knows person="http://www.ic.unicamp.br/MC536/2013/2/marcosmonteiro" colleague="http://www.ic.unicamp.br/MC536/2013/2/danilotitato"/>
<Knows person="http://www.ic.unicamp.br/MC536/2013/2/marcosmonteiro" colleague="http://www.ic.unicamp.br/MC536/2013/2/evertonsoares"/>
<Knows person="http://www.ic.unicamp.br/MC536/2013/2/marcosmonteiro" colleague="http://www.ic.unicamp.br/MC536/2013/2/felipeoliveira"/>
<Knows person="http://www.ic.unicamp.br/MC536/2013/2/marcosmonteiro" colleague="http://www.ic.unicamp.br/MC536/2013/2/giovannaluca"/>
<Knows person="http://www.ic.unicamp.br/MC536/2013/2/marcosmonteiro" colleague="http://www.ic.unicamp.br/MC536/2013/2/gustavorocha"/>
<Knows person="http://www.ic.unicamp.br/MC536/2013/2/marcosmonteiro" colleague="http://www.ic.unicamp.br/MC536/2013/2/ivanpetrin"/>
<Knows person="http://www.ic.unicamp.br/MC536/2013/2/marcosmonteiro" colleague="http://www.ic.unicamp.br/MC536/2013/2/juliabeltrao"/>
<Knows person="http://www.ic.unicamp.br/MC536/2013/2/marcosmonteiro" colleague="http://www.ic.unicamp.br/MC536/2013/2/lucassouza"/>
<Knows person="http://www.ic.unicamp.br/MC536/2013/2/marcosmonteiro" colleague="http://www.ic.unicamp.br/MC536/2013/2/luizjunior"/>
<Knows person="http://www.ic.unicamp.br/MC536/2013/2/marcosmonteiro" colleague="http://www.ic.unicamp.br/MC536/2013/2/nicolasassumpcao"/>
<Knows person="http://www.ic.unicamp.br/MC536/2013/2/marcosmonteiro" colleague="http://www.ic.unicamp.br/MC536/2013/2/pedromendonca"/>
<Knows person="http://www.ic.unicamp.br/MC536/2013/2/marcosmonteiro" colleague="http://www.ic.unicamp.br/MC536/2013/2/tharinemacerau"/>
<Knows person="http://www.ic.unicamp.br/MC536/2013/2/marcosmonteiro" colleague="http://www.ic.unicamp.br/MC536/2013/2/victorsouza"/>
<Knows person="http://www.ic.unicamp.br/MC536/2013/2/nicolasassumpcao" colleague="http://www.ic.unicamp.br/MC536/2013/2/danilotitato"/>
<Knows person="http://www.ic.unicamp.br/MC536/2013/2/nicolasassumpcao" colleague="http://www.ic.unicamp.br/MC536/2013/2/erickseolin"/>
<Knows person="http://www.ic.unicamp.br/MC536/2013/2/nicolasassumpcao" colleague="http://www.ic.unicamp.br/MC536/2013/2/juliabeltrao"/>
<Knows person="http://www.ic.unicamp.br/MC536/2013/2/nicolasassumpcao" colleague="http://www.ic.unicamp.br/MC536/2013/2/lucassouza"/>
<Knows person="http://www.ic.unicamp.br/MC536/2013/2/nicolasassumpcao" colleague="http://www.ic.unicamp.br/MC536/2013/2/marceloteixeira"/>
<Knows person="http://www.ic.unicamp.br/MC536/2013/2/nicolasassumpcao" colleague="http://www.ic.unicamp.br/MC536/2013/2/marcosmonteiro"/>
<Knows person="http://www.ic.unicamp.br/MC536/2013/2/nicolasassumpcao" colleague="http://www.ic.unicamp.br/MC536/2013/2/rodrigobenites"/>
<Knows person="http://www.ic.unicamp.br/MC536/2013/2/nicolasassumpcao" colleague="http://www.ic.unicamp.br/MC536/2013/2/thiagomartins"/>
<Knows person="http://www.ic.unicamp.br/MC536/2013/2/nicolasassumpcao" colleague="http://www.ic.unicamp.br/MC536/2013/2/williamtustumi"/>
<Knows person="http://www.ic.unicamp.br/MC536/2013/2/nicolasassumpcao" colleague="http://www.ic.unicamp.br/MC536/2013/2/yansym"/>
<Knows person="http://www.ic.unicamp.br/MC536/2013/2/rafaelcruz" colleague="http://www.ic.unicamp.br/MC536/2013/2/andretamanaha"/>
<Knows person="http://www.ic.unicamp.br/MC536/2013/2/rafaelcruz" colleague="http://www.ic.unicamp.br/MC536/2013/2/danielpazinato"/>
<Knows person="http://www.ic.unicamp.br/MC536/2013/2/rafaelcruz" colleague="http://www.ic.unicamp.br/MC536/2013/2/danilotitato"/>
<Knows person="http://www.ic.unicamp.br/MC536/2013/2/rafaelcruz" colleague="http://www.ic.unicamp.br/MC536/2013/2/eduardobarbosa"/>
<Knows person="http://www.ic.unicamp.br/MC536/2013/2/rafaelcruz" colleague="http://www.ic.unicamp.br/MC536/2013/2/felipeoliveira"/>
<Knows person="http://www.ic.unicamp.br/MC536/2013/2/rafaelcruz" colleague="http://www.ic.unicamp.br/MC536/2013/2/fernandafantelli"/>
<Knows person="http://www.ic.unicamp.br/MC536/2013/2/rafaelcruz" colleague="http://www.ic.unicamp.br/MC536/2013/2/ivanpetrin"/>
<Knows person="http://www.ic.unicamp.br/MC536/2013/2/rafaelcruz" colleague="http://www.ic.unicamp.br/MC536/2013/2/juliabeltrao"/>
<Knows person="http://www.ic.unicamp.br/MC536/2013/2/rafaelcruz" colleague="http://www.ic.unicamp.br/MC536/2013/2/marceloteixeira"/>
<Knows person="http://www.ic.unicamp.br/MC536/2013/2/rafaelcruz" colleague="http://www.ic.unicamp.br/MC536/2013/2/nicolasassumpcao"/>
<Knows person="http://www.ic.unicamp.br/MC536/2013/2/rafaelcruz" colleague="http://www.ic.unicamp.br/MC536/2013/2/williamikedo"/>
<Knows person="http://www.ic.unicamp.br/MC536/2013/2/renatosilva" colleague="http://www.ic.unicamp.br/MC536/2013/2/andresantanche"/>
<Knows person="http://www.ic.unicamp.br/MC536/2013/2/renatosilva" colleague="http://www.ic.unicamp.br/MC536/2013/2/brunovilar"/>
<Knows person="http://www.ic.unicamp.br/MC536/2013/2/renatosilva" colleague="http://www.ic.unicamp.br/MC536/2013/2/luizjunior"/>
<Knows person="http://www.ic.unicamp.br/MC536/2013/2/rodrigobenites" colleague="http://www.ic.unicamp.br/MC536/2013/2/erickseolin"/>
<Knows person="http://www.ic.unicamp.br/MC536/2013/2/rodrigobenites" colleague="http://www.ic.unicamp.br/MC536/2013/2/ivanpetrin"/>
<Knows person="http://www.ic.unicamp.br/MC536/2013/2/rodrigobenites" colleague="http://www.ic.unicamp.br/MC536/2013/2/nicolasassumpcao"/>
<Knows person="http://www.ic.unicamp.br/MC536/2013/2/rodrigobenites" colleague="http://www.ic.unicamp.br/MC536/2013/2/thiagomartins"/>
<Knows person="http://www.ic.unicamp.br/MC536/2013/2/rodrigobenites" colleague="http://www.ic.unicamp.br/MC536/2013/2/williamtustumi"/>
<Knows person="http://www.ic.unicamp.br/MC536/2013/2/rodrigobenites" colleague="http://www.ic.unicamp.br/MC536/2013/2/yansym"/>
<Knows person="http://www.ic.unicamp.br/MC536/2013/2/thomazsantos" colleague="http://www.ic.unicamp.br/MC536/2013/2/leonardosorensen"/>
<Knows person="http://www.ic.unicamp.br/MC536/2013/2/williamikedo" colleague="http://www.ic.unicamp.br/MC536/2013/2/alissoncarvalho"/>
<Knows person="http://www.ic.unicamp.br/MC536/2013/2/williamikedo" colleague="http://www.ic.unicamp.br/MC536/2013/2/andrebrandao"/>
<Knows person="http://www.ic.unicamp.br/MC536/2013/2/williamikedo" colleague="http://www.ic.unicamp.br/MC536/2013/2/andresantanche"/>
<Knows person="http://www.ic.unicamp.br/MC536/2013/2/williamikedo" colleague="http://www.ic.unicamp.br/MC536/2013/2/andretamanaha"/>
<Knows person="http://www.ic.unicamp.br/MC536/2013/2/williamikedo" colleague="http://www.ic.unicamp.br/MC536/2013/2/andreterron"/>
<Knows person="http://www.ic.unicamp.br/MC536/2013/2/williamikedo" colleague="http://www.ic.unicamp.br/MC536/2013/2/anthonyferreira"/>
<Knows person="http://www.ic.unicamp.br/MC536/2013/2/williamikedo" colleague="http://www.ic.unicamp.br/MC536/2013/2/caiofinardi"/>
<Knows person="http://www.ic.unicamp.br/MC536/2013/2/williamikedo" colleague="http://www.ic.unicamp.br/MC536/2013/2/carlosgregoreki"/>
<Knows person="http://www.ic.unicamp.br/MC536/2013/2/williamikedo" colleague="http://www.ic.unicamp.br/MC536/2013/2/danielpazinato"/>
<Knows person="http://www.ic.unicamp.br/MC536/2013/2/williamikedo" colleague="http://www.ic.unicamp.br/MC536/2013/2/danilotitato"/>
<Knows person="http://www.ic.unicamp.br/MC536/2013/2/williamikedo" colleague="http://www.ic.unicamp.br/MC536/2013/2/eduardobarbosa"/>
<Knows person="http://www.ic.unicamp.br/MC536/2013/2/williamikedo" colleague="http://www.ic.unicamp.br/MC536/2013/2/eduardocurado"/>
<Knows person="http://www.ic.unicamp.br/MC536/2013/2/williamikedo" colleague="http://www.ic.unicamp.br/MC536/2013/2/evertonsoares"/>
<Knows person="http://www.ic.unicamp.br/MC536/2013/2/williamikedo" colleague="http://www.ic.unicamp.br/MC536/2013/2/fabiokubo"/>
<Knows person="http://www.ic.unicamp.br/MC536/2013/2/williamikedo" colleague="http://www.ic.unicamp.br/MC536/2013/2/felipeoliveira"/>
<Knows person="http://www.ic.unicamp.br/MC536/2013/2/williamikedo" colleague="http://www.ic.unicamp.br/MC536/2013/2/fernandothiers"/>
<Knows person="http://www.ic.unicamp.br/MC536/2013/2/williamikedo" colleague="http://www.ic.unicamp.br/MC536/2013/2/francescogarcia"/>
<Knows person="http://www.ic.unicamp.br/MC536/2013/2/williamikedo" colleague="http://www.ic.unicamp.br/MC536/2013/2/gabrieldivino"/>
<Knows person="http://www.ic.unicamp.br/MC536/2013/2/williamikedo" colleague="http://www.ic.unicamp.br/MC536/2013/2/gabrielfranzoni"/>
<Knows person="http://www.ic.unicamp.br/MC536/2013/2/williamikedo" colleague="http://www.ic.unicamp.br/MC536/2013/2/georgeribeiro"/>
<Knows person="http://www.ic.unicamp.br/MC536/2013/2/williamikedo" colleague="http://www.ic.unicamp.br/MC536/2013/2/guilhermezanelato"/>
<Knows person="http://www.ic.unicamp.br/MC536/2013/2/williamikedo" colleague="http://www.ic.unicamp.br/MC536/2013/2/gustavobasso"/>
<Knows person="http://www.ic.unicamp.br/MC536/2013/2/williamikedo" colleague="http://www.ic.unicamp.br/MC536/2013/2/gustavooyakawa"/>
<Knows person="http://www.ic.unicamp.br/MC536/2013/2/williamikedo" colleague="http://www.ic.unicamp.br/MC536/2013/2/gustavorocha"/>
<Knows person="http://www.ic.unicamp.br/MC536/2013/2/williamikedo" colleague="http://www.ic.unicamp.br/MC536/2013/2/henriquelopes"/>
<Knows person="http://www.ic.unicamp.br/MC536/2013/2/williamikedo" colleague="http://www.ic.unicamp.br/MC536/2013/2/ivanpetrin"/>
<Knows person="http://www.ic.unicamp.br/MC536/2013/2/williamikedo" colleague="http://www.ic.unicamp.br/MC536/2013/2/joaohoffmam"/>
<Knows person="http://www.ic.unicamp.br/MC536/2013/2/williamikedo" colleague="http://www.ic.unicamp.br/MC536/2013/2/juliabeltrao"/>
<Knows person="http://www.ic.unicamp.br/MC536/2013/2/williamikedo" colleague="http://www.ic.unicamp.br/MC536/2013/2/marceloteixeira"/>
<Knows person="http://www.ic.unicamp.br/MC536/2013/2/williamikedo" colleague="http://www.ic.unicamp.br/MC536/2013/2/nicolasassumpcao"/>
<Knows person="http://www.ic.unicamp.br/MC536/2013/2/williamikedo" colleague="http://www.ic.unicamp.br/MC536/2013/2/pedromendonca"/>
<Knows person="http://www.ic.unicamp.br/MC536/2013/2/williamikedo" colleague="http://www.ic.unicamp.br/MC536/2013/2/rafaelcastelao"/>
<Knows person="http://www.ic.unicamp.br/MC536/2013/2/williamikedo" colleague="http://www.ic.unicamp.br/MC536/2013/2/rafaelcruz"/>
<Knows person="http://www.ic.unicamp.br/MC536/2013/2/williamikedo" colleague="http://www.ic.unicamp.br/MC536/2013/2/samuelbirocchi"/>
<Knows person="http://www.ic.unicamp.br/MC536/2013/2/williamikedo" colleague="http://www.ic.unicamp.br/MC536/2013/2/tharinemacerau"/>
<Knows person="http://www.ic.unicamp.br/MC536/2013/2/williamikedo" colleague="http://www.ic.unicamp.br/MC536/2013/2/thiagomartins"/>
<Knows person="http://www.ic.unicamp.br/MC536/2013/2/williamikedo" colleague="http://www.ic.unicamp.br/MC536/2013/2/thiagosantos"/>
<Knows person="http://www.ic.unicamp.br/MC536/2013/2/williamikedo" colleague="http://www.ic.unicamp.br/MC536/2013/2/tiagoferreira"/>
<Knows person="http://www.ic.unicamp.br/MC536/2013/2/williamikedo" colleague="http://www.ic.unicamp.br/MC536/2013/2/victorfreitas"/>
<Knows person="http://www.ic.unicamp.br/MC536/2013/2/williamikedo" colleague="http://www.ic.unicamp.br/MC536/2013/2/victorsouza"/>
<Knows person="http://www.ic.unicamp.br/MC536/2013/2/williamikedo" colleague="http://www.ic.unicamp.br/MC536/2013/2/viniciusfrederico"/>
<Knows person="http://www.ic.unicamp.br/MC536/2013/2/williamikedo" colleague="http://www.ic.unicamp.br/MC536/2013/2/williamtustumi"/>
<Knows person="http://www.ic.unicamp.br/MC536/2013/2/williamikedo" colleague="http://www.ic.unicamp.br/MC536/2013/2/wilsonneto"/>
<Knows person="http://www.ic.unicamp.br/MC536/2013/2/williamikedo" colleague="http://www.ic.unicamp.br/MC536/2013/2/yansym"/>
<Knows person="http://www.ic.unicamp.br/MC536/2013/2/williamtustumi" colleague="http://www.ic.unicamp.br/MC536/2013/2/andremoraes"/>
<Knows person="http://www.ic.unicamp.br/MC536/2013/2/williamtustumi" colleague="http://www.ic.unicamp.br/MC536/2013/2/erickseolin"/>
<Knows person="http://www.ic.unicamp.br/MC536/2013/2/williamtustumi" colleague="http://www.ic.unicamp.br/MC536/2013/2/evertonsoares"/>
<Knows person="http://www.ic.unicamp.br/MC536/2013/2/williamtustumi" colleague="http://www.ic.unicamp.br/MC536/2013/2/felipeoliveira"/>
<Knows person="http://www.ic.unicamp.br/MC536/2013/2/williamtustumi" colleague="http://www.ic.unicamp.br/MC536/2013/2/ivanpetrin"/>
<Knows person="http://www.ic.unicamp.br/MC536/2013/2/williamtustumi" colleague="http://www.ic.unicamp.br/MC536/2013/2/nicolasassumpcao"/>
<Knows person="http://www.ic.unicamp.br/MC536/2013/2/williamtustumi" colleague="http://www.ic.unicamp.br/MC536/2013/2/rodrigobenites"/>
<Knows person="http://www.ic.unicamp.br/MC536/2013/2/williamtustumi" colleague="http://www.ic.unicamp.br/MC536/2013/2/thiagomartins"/>
<Knows person="http://www.ic.unicamp.br/MC536/2013/2/williamtustumi" colleague="http://www.ic.unicamp.br/MC536/2013/2/yansym"/>
<Knows person="http://www.ic.unicamp.br/MC536/2013/2/yansym" colleague="http://www.ic.unicamp.br/MC536/2013/2/andresantanche"/>
<Knows person="http://www.ic.unicamp.br/MC536/2013/2/yansym" colleague="http://www.ic.unicamp.br/MC536/2013/2/andreterron"/>
<Knows person="http://www.ic.unicamp.br/MC536/2013/2/yansym" colleague="http://www.ic.unicamp.br/MC536/2013/2/ivanpetrin"/>
</AllKnows>