<?xml version="1.0" encoding="UTF-8"?>
<AllLikesMusic>
<LikesMusic person="http://www.ic.unicamp.br/MC536/2013/2/allanbarboza" rating="4" colleague="http://en.wikipedia.org/wiki/Bring_Me_the_Horizon"/>
<LikesMusic person="http://www.ic.unicamp.br/MC536/2013/2/allanbarboza" rating="5" colleague="http://en.wikipedia.org/wiki/Death_Cab_for_Cutie"/>
<LikesMusic person="http://www.ic.unicamp.br/MC536/2013/2/allanbarboza" rating="4" colleague="http://en.wikipedia.org/wiki/Escape_the_Fate"/>
<LikesMusic person="http://www.ic.unicamp.br/MC536/2013/2/allanbarboza" rating="4" colleague="http://en.wikipedia.org/wiki/Lostprophets"/>
<LikesMusic person="http://www.ic.unicamp.br/MC536/2013/2/allanbarboza" rating="4" colleague="http://en.wikipedia.org/wiki/Rooney_(band)"/>
<LikesMusic person="http://www.ic.unicamp.br/MC536/2013/2/allanbarboza" rating="5" colleague="http://en.wikipedia.org/wiki/The_Ataris"/>
<LikesMusic person="http://www.ic.unicamp.br/MC536/2013/2/allanbarboza" rating="5" colleague="http://en.wikipedia.org/wiki/The_Killers"/>
<LikesMusic person="http://www.ic.unicamp.br/MC536/2013/2/anthonyferreira" rating="5" colleague="http://en.wikipedia.org/wiki/Acdc"/>
<LikesMusic person="http://www.ic.unicamp.br/MC536/2013/2/anthonyferreira" rating="3" colleague="http://en.wikipedia.org/wiki/Enya"/>
<LikesMusic person="http://www.ic.unicamp.br/MC536/2013/2/anthonyferreira" rating="5" colleague="http://en.wikipedia.org/wiki/Eric_Clapton"/>
<LikesMusic person="http://www.ic.unicamp.br/MC536/2013/2/anthonyferreira" rating="5" colleague="http://en.wikipedia.org/wiki/Iron_maiden"/>
<LikesMusic person="http://www.ic.unicamp.br/MC536/2013/2/anthonyferreira" rating="3" colleague="http://en.wikipedia.org/wiki/Kiss_(band)"/>
<LikesMusic person="http://www.ic.unicamp.br/MC536/2013/2/anthonyferreira" rating="5" colleague="http://en.wikipedia.org/wiki/Led_zeppelin"/>
<LikesMusic person="http://www.ic.unicamp.br/MC536/2013/2/anthonyferreira" rating="5" colleague="http://en.wikipedia.org/wiki/Metallica"/>
<LikesMusic person="http://www.ic.unicamp.br/MC536/2013/2/anthonyferreira" rating="4" colleague="http://en.wikipedia.org/wiki/Of_Monsters_and_Men"/>
<LikesMusic person="http://www.ic.unicamp.br/MC536/2013/2/anthonyferreira" rating="4" colleague="http://en.wikipedia.org/wiki/Ozzy_Osbourne"/>
<LikesMusic person="http://www.ic.unicamp.br/MC536/2013/2/anthonyferreira" rating="3" colleague="http://en.wikipedia.org/wiki/Pearl_jam"/>
<LikesMusic person="http://www.ic.unicamp.br/MC536/2013/2/anthonyferreira" rating="5" colleague="http://en.wikipedia.org/wiki/Ronnie_James_Dio"/>
<LikesMusic person="http://www.ic.unicamp.br/MC536/2013/2/anthonyferreira" rating="4" colleague="http://en.wikipedia.org/wiki/Rush_(band)"/>
<LikesMusic person="http://www.ic.unicamp.br/MC536/2013/2/anthonyferreira" rating="1" colleague="http://en.wikipedia.org/wiki/System_of_a_down"/>
<LikesMusic person="http://www.ic.unicamp.br/MC536/2013/2/anthonyferreira" rating="5" colleague="http://en.wikipedia.org/wiki/The_Beatles"/>
<LikesMusic person="http://www.ic.unicamp.br/MC536/2013/2/anthonyferreira" rating="5" colleague="http://en.wikipedia.org/wiki/U2"/>
<LikesMusic person="http://www.ic.unicamp.br/MC536/2013/2/anthonyferreira" rating="3" colleague="http://en.wikipedia.org/wiki/Van_Halen"/>
<LikesMusic person="http://www.ic.unicamp.br/MC536/2013/2/brunovilar" rating="4" colleague="http://en.wikipedia.org/wiki/Acdc"/>
<LikesMusic person="http://www.ic.unicamp.br/MC536/2013/2/brunovilar" rating="3" colleague="http://en.wikipedia.org/wiki/After_forever"/>
<LikesMusic person="http://www.ic.unicamp.br/MC536/2013/2/brunovilar" rating="4" colleague="http://en.wikipedia.org/wiki/Apocalyptica"/>
<LikesMusic person="http://www.ic.unicamp.br/MC536/2013/2/brunovilar" rating="5" colleague="http://en.wikipedia.org/wiki/Avenged_Sevenfold"/>
<LikesMusic person="http://www.ic.unicamp.br/MC536/2013/2/brunovilar" rating="5" colleague="http://en.wikipedia.org/wiki/Bob_marley"/>
<LikesMusic person="http://www.ic.unicamp.br/MC536/2013/2/brunovilar" rating="4" colleague="http://en.wikipedia.org/wiki/Bush_%28band%29"/>
<LikesMusic person="http://www.ic.unicamp.br/MC536/2013/2/brunovilar" rating="3" colleague="http://en.wikipedia.org/wiki/Enya"/>
<LikesMusic person="http://www.ic.unicamp.br/MC536/2013/2/brunovilar" rating="5" colleague="http://en.wikipedia.org/wiki/Epica_%28band%29"/>
<LikesMusic person="http://www.ic.unicamp.br/MC536/2013/2/brunovilar" rating="4" colleague="http://en.wikipedia.org/wiki/Foo_Fighters"/>
<LikesMusic person="http://www.ic.unicamp.br/MC536/2013/2/brunovilar" rating="5" colleague="http://en.wikipedia.org/wiki/Godsmack"/>
<LikesMusic person="http://www.ic.unicamp.br/MC536/2013/2/brunovilar" rating="4" colleague="http://en.wikipedia.org/wiki/He_Is_We"/>
<LikesMusic person="http://www.ic.unicamp.br/MC536/2013/2/brunovilar" rating="4" colleague="http://en.wikipedia.org/wiki/Kittie"/>
<LikesMusic person="http://www.ic.unicamp.br/MC536/2013/2/brunovilar" rating="5" colleague="http://en.wikipedia.org/wiki/Megadeth"/>
<LikesMusic person="http://www.ic.unicamp.br/MC536/2013/2/brunovilar" rating="5" colleague="http://en.wikipedia.org/wiki/Metallica"/>
<LikesMusic person="http://www.ic.unicamp.br/MC536/2013/2/brunovilar" rating="2" colleague="http://en.wikipedia.org/wiki/No_doubt"/>
<LikesMusic person="http://www.ic.unicamp.br/MC536/2013/2/brunovilar" rating="5" colleague="http://en.wikipedia.org/wiki/Pearl_jam"/>
<LikesMusic person="http://www.ic.unicamp.br/MC536/2013/2/brunovilar" rating="4" colleague="http://en.wikipedia.org/wiki/Tristania_%28band%29"/>
<LikesMusic person="http://www.ic.unicamp.br/MC536/2013/2/brunovilar" rating="3" colleague="http://en.wikipedia.org/wiki/Within_Temptation"/>
<LikesMusic person="http://www.ic.unicamp.br/MC536/2013/2/danilotitato" rating="5" colleague="http://en.wikipedia.org/wiki/Arcade_Fire"/>
<LikesMusic person="http://www.ic.unicamp.br/MC536/2013/2/danilotitato" rating="4" colleague="http://en.wikipedia.org/wiki/Blackfield"/>
<LikesMusic person="http://www.ic.unicamp.br/MC536/2013/2/danilotitato" rating="4" colleague="http://en.wikipedia.org/wiki/Daft_Punk"/>
<LikesMusic person="http://www.ic.unicamp.br/MC536/2013/2/danilotitato" rating="4" colleague="http://en.wikipedia.org/wiki/Eels"/>
<LikesMusic person="http://www.ic.unicamp.br/MC536/2013/2/danilotitato" rating="5" colleague="http://en.wikipedia.org/wiki/Eric_Clapton"/>
<LikesMusic person="http://www.ic.unicamp.br/MC536/2013/2/danilotitato" rating="3" colleague="http://en.wikipedia.org/wiki/Galaxie_500"/>
<LikesMusic person="http://www.ic.unicamp.br/MC536/2013/2/danilotitato" rating="5" colleague="http://en.wikipedia.org/wiki/Joy_Division"/>
<LikesMusic person="http://www.ic.unicamp.br/MC536/2013/2/danilotitato" rating="5" colleague="http://en.wikipedia.org/wiki/Kavinsky"/>
<LikesMusic person="http://www.ic.unicamp.br/MC536/2013/2/danilotitato" rating="5" colleague="http://en.wikipedia.org/wiki/M83"/>
<LikesMusic person="http://www.ic.unicamp.br/MC536/2013/2/danilotitato" rating="5" colleague="http://en.wikipedia.org/wiki/Mogwai"/>
<LikesMusic person="http://www.ic.unicamp.br/MC536/2013/2/danilotitato" rating="5" colleague="http://en.wikipedia.org/wiki/My_Bloody_Valentine"/>
<LikesMusic person="http://www.ic.unicamp.br/MC536/2013/2/danilotitato" rating="5" colleague="http://en.wikipedia.org/wiki/Pink_Floyd"/>
<LikesMusic person="http://www.ic.unicamp.br/MC536/2013/2/danilotitato" rating="4" colleague="http://en.wikipedia.org/wiki/Slowdive"/>
<LikesMusic person="http://www.ic.unicamp.br/MC536/2013/2/danilotitato" rating="5" colleague="http://en.wikipedia.org/wiki/Stevie_Ray_Vaughan"/>
<LikesMusic person="http://www.ic.unicamp.br/MC536/2013/2/danilotitato" rating="5" colleague="http://en.wikipedia.org/wiki/The_Beatles"/>
<LikesMusic person="http://www.ic.unicamp.br/MC536/2013/2/eduardobarbosa" rating="5" colleague="http://en.wikipedia.org/wiki/1349_%28band%29"/>
<LikesMusic person="http://www.ic.unicamp.br/MC536/2013/2/eduardobarbosa" rating="5" colleague="http://en.wikipedia.org/wiki/Bolt_Thrower"/>
<LikesMusic person="http://www.ic.unicamp.br/MC536/2013/2/eduardobarbosa" rating="5" colleague="http://en.wikipedia.org/wiki/Burzum"/>
<LikesMusic person="http://www.ic.unicamp.br/MC536/2013/2/eduardobarbosa" rating="5" colleague="http://en.wikipedia.org/wiki/Cannibal_Corpse"/>
<LikesMusic person="http://www.ic.unicamp.br/MC536/2013/2/eduardobarbosa" rating="5" colleague="http://en.wikipedia.org/wiki/Carpathian_Forest"/>
<LikesMusic person="http://www.ic.unicamp.br/MC536/2013/2/eduardobarbosa" rating="5" colleague="http://en.wikipedia.org/wiki/Celtic_Frost"/>
<LikesMusic person="http://www.ic.unicamp.br/MC536/2013/2/eduardobarbosa" rating="5" colleague="http://en.wikipedia.org/wiki/Darkthrone"/>
<LikesMusic person="http://www.ic.unicamp.br/MC536/2013/2/eduardobarbosa" rating="5" colleague="http://en.wikipedia.org/wiki/Gorgoroth"/>
<LikesMusic person="http://www.ic.unicamp.br/MC536/2013/2/eduardobarbosa" rating="5" colleague="http://en.wikipedia.org/wiki/Pantera"/>
<LikesMusic person="http://www.ic.unicamp.br/MC536/2013/2/eduardobarbosa" rating="5" colleague="http://en.wikipedia.org/wiki/Satyricon_%28band%29"/>
<LikesMusic person="http://www.ic.unicamp.br/MC536/2013/2/eduardobarbosa" rating="5" colleague="http://en.wikipedia.org/wiki/Shining_%28Swedish_band%29"/>
<LikesMusic person="http://www.ic.unicamp.br/MC536/2013/2/eduardobarbosa" rating="5" colleague="http://en.wikipedia.org/wiki/Slayer"/>
<LikesMusic person="http://www.ic.unicamp.br/MC536/2013/2/felipenovaes" rating="5" colleague="http://en.wikipedia.org/wiki/CPM22"/>
<LikesMusic person="http://www.ic.unicamp.br/MC536/2013/2/felipenovaes" rating="3" colleague="http://en.wikipedia.org/wiki/NX_Zero"/>
<LikesMusic person="http://www.ic.unicamp.br/MC536/2013/2/felipenovaes" rating="5" colleague="http://en.wikipedia.org/wiki/Pitty"/>
<LikesMusic person="http://www.ic.unicamp.br/MC536/2013/2/ivanpetrin" rating="5" colleague="http://en.wikipedia.org/wiki/Jorge_Vercilo"/>
<LikesMusic person="http://www.ic.unicamp.br/MC536/2013/2/josephv" rating="4" colleague="http://en.wikipedia.org/wiki/%C3%89_o_Tchan!"/>
<LikesMusic person="http://www.ic.unicamp.br/MC536/2013/2/josephv" rating="5" colleague="http://en.wikipedia.org/wiki/Avenged_Sevenfold"/>
<LikesMusic person="http://www.ic.unicamp.br/MC536/2013/2/josephv" rating="5" colleague="http://en.wikipedia.org/wiki/Blink-182"/>
<LikesMusic person="http://www.ic.unicamp.br/MC536/2013/2/josephv" rating="5" colleague="http://en.wikipedia.org/wiki/CPM_22"/>
<LikesMusic person="http://www.ic.unicamp.br/MC536/2013/2/josephv" rating="5" colleague="http://en.wikipedia.org/wiki/Foo_Fighters"/>
<LikesMusic person="http://www.ic.unicamp.br/MC536/2013/2/josephv" rating="1" colleague="http://en.wikipedia.org/wiki/Justin_Bieber"/>
<LikesMusic person="http://www.ic.unicamp.br/MC536/2013/2/josephv" rating="5" colleague="http://en.wikipedia.org/wiki/Linkin_Park"/>
<LikesMusic person="http://www.ic.unicamp.br/MC536/2013/2/josephv" rating="5" colleague="http://en.wikipedia.org/wiki/Mike_Portnoy"/>
<LikesMusic person="http://www.ic.unicamp.br/MC536/2013/2/josephv" rating="5" colleague="http://en.wikipedia.org/wiki/Nightwish"/>
<LikesMusic person="http://www.ic.unicamp.br/MC536/2013/2/josephv" rating="5" colleague="http://en.wikipedia.org/wiki/Papa_Roach"/>
<LikesMusic person="http://www.ic.unicamp.br/MC536/2013/2/josephv" rating="5" colleague="http://en.wikipedia.org/wiki/Sum_41"/>
<LikesMusic person="http://www.ic.unicamp.br/MC536/2013/2/josephv" rating="5" colleague="http://en.wikipedia.org/wiki/System_of_a_Down"/>
<LikesMusic person="http://www.ic.unicamp.br/MC536/2013/2/josephv" rating="5" colleague="http://en.wikipedia.org/wiki/The_Offspring"/>
<LikesMusic person="http://www.ic.unicamp.br/MC536/2013/2/lucassouza" rating="5" colleague="http://en.wikipedia.org/wiki/Bill_Stewart_%28musician%29"/>
<LikesMusic person="http://www.ic.unicamp.br/MC536/2013/2/lucassouza" rating="5" colleague="http://en.wikipedia.org/wiki/Bjork"/>
<LikesMusic person="http://www.ic.unicamp.br/MC536/2013/2/lucassouza" rating="4" colleague="http://en.wikipedia.org/wiki/Foo_Fighters"/>
<LikesMusic person="http://www.ic.unicamp.br/MC536/2013/2/lucassouza" rating="4" colleague="http://en.wikipedia.org/wiki/Herbie_Hancock"/>
<LikesMusic person="http://www.ic.unicamp.br/MC536/2013/2/lucassouza" rating="4" colleague="http://en.wikipedia.org/wiki/Meshuggah"/>
<LikesMusic person="http://www.ic.unicamp.br/MC536/2013/2/lucassouza" rating="4" colleague="http://en.wikipedia.org/wiki/Metallica"/>
<LikesMusic person="http://www.ic.unicamp.br/MC536/2013/2/lucassouza" rating="4" colleague="http://en.wikipedia.org/wiki/Nirvana"/>
<LikesMusic person="http://www.ic.unicamp.br/MC536/2013/2/lucassouza" rating="4" colleague="http://en.wikipedia.org/wiki/Pearl_Jam"/>
<LikesMusic person="http://www.ic.unicamp.br/MC536/2013/2/lucassouza" rating="5" colleague="http://en.wikipedia.org/wiki/Queen"/>
<LikesMusic person="http://www.ic.unicamp.br/MC536/2013/2/lucassouza" rating="4" colleague="http://en.wikipedia.org/wiki/System_of_a_Down"/>
<LikesMusic person="http://www.ic.unicamp.br/MC536/2013/2/lucassouza" rating="3" colleague="http://en.wikipedia.org/wiki/Voix_Bulgares"/>
<LikesMusic person="http://www.ic.unicamp.br/MC536/2013/2/luizjunior" rating="3" colleague="http://en.wikipedia.org/wiki/U2"/>
<LikesMusic person="http://www.ic.unicamp.br/MC536/2013/2/marceloteixeira" rating="4" colleague="http://en.wikipedia.org/wiki/Beatles"/>
<LikesMusic person="http://www.ic.unicamp.br/MC536/2013/2/marceloteixeira" rating="5" colleague="http://en.wikipedia.org/wiki/Charlie_brown_jr"/>
<LikesMusic person="http://www.ic.unicamp.br/MC536/2013/2/marceloteixeira" rating="3" colleague="http://en.wikipedia.org/wiki/Detonautas"/>
<LikesMusic person="http://www.ic.unicamp.br/MC536/2013/2/marceloteixeira" rating="4" colleague="http://en.wikipedia.org/wiki/Offspring"/>
<LikesMusic person="http://www.ic.unicamp.br/MC536/2013/2/marceloteixeira" rating="4" colleague="http://en.wikipedia.org/wiki/Red_Hot_Chili_Peppers"/>
<LikesMusic person="http://www.ic.unicamp.br/MC536/2013/2/marceloteixeira" rating="5" colleague="http://en.wikipedia.org/wiki/Serj_tankian"/>
<LikesMusic person="http://www.ic.unicamp.br/MC536/2013/2/marceloteixeira" rating="5" colleague="http://en.wikipedia.org/wiki/System_of_a_down"/>
<LikesMusic person="http://www.ic.unicamp.br/MC536/2013/2/marcosmonteiro" rating="3" colleague="http://en.wikipedia.org/wiki/DragonForce"/>
<LikesMusic person="http://www.ic.unicamp.br/MC536/2013/2/marcosmonteiro" rating="5" colleague="http://en.wikipedia.org/wiki/Foo_Fighters"/>
<LikesMusic person="http://www.ic.unicamp.br/MC536/2013/2/marcosmonteiro" rating="5" colleague="http://en.wikipedia.org/wiki/Limp_Bizkit"/>
<LikesMusic person="http://www.ic.unicamp.br/MC536/2013/2/marcosmonteiro" rating="5" colleague="http://en.wikipedia.org/wiki/Linkin_Park"/>
<LikesMusic person="http://www.ic.unicamp.br/MC536/2013/2/marcosmonteiro" rating="5" colleague="http://en.wikipedia.org/wiki/Nirvana_%28band%29"/>
<LikesMusic person="http://www.ic.unicamp.br/MC536/2013/2/marcosmonteiro" rating="5" colleague="http://en.wikipedia.org/wiki/Papa_Roach"/>
<LikesMusic person="http://www.ic.unicamp.br/MC536/2013/2/marcosmonteiro" rating="5" colleague="http://en.wikipedia.org/wiki/Priestess_%28band%29"/>
<LikesMusic person="http://www.ic.unicamp.br/MC536/2013/2/marcosmonteiro" rating="5" colleague="http://en.wikipedia.org/wiki/Slipknot_%28band%29"/>
<LikesMusic person="http://www.ic.unicamp.br/MC536/2013/2/marcosmonteiro" rating="5" colleague="http://en.wikipedia.org/wiki/System_of_a_Down"/>
<LikesMusic person="http://www.ic.unicamp.br/MC536/2013/2/marcosmonteiro" rating="5" colleague="http://en.wikipedia.org/wiki/The_Black_Keys"/>
<LikesMusic person="http://www.ic.unicamp.br/MC536/2013/2/nicolasassumpcao" rating="4" colleague="http://en.wikipedia.org/wiki/Metallica"/>
<LikesMusic person="http://www.ic.unicamp.br/MC536/2013/2/nicolasassumpcao" rating="2" colleague="http://en.wikipedia.org/wiki/Toto_%28band%29"/>
<LikesMusic person="http://www.ic.unicamp.br/MC536/2013/2/rafaelcruz" rating="4" colleague="http://en.wikipedia.org/wiki/AC/DC"/>
<LikesMusic person="http://www.ic.unicamp.br/MC536/2013/2/rafaelcruz" rating="5" colleague="http://en.wikipedia.org/wiki/Eminem"/>
<LikesMusic person="http://www.ic.unicamp.br/MC536/2013/2/rafaelcruz" rating="4" colleague="http://en.wikipedia.org/wiki/Nightwish"/>
<LikesMusic person="http://www.ic.unicamp.br/MC536/2013/2/rafaelcruz" rating="5" colleague="http://en.wikipedia.org/wiki/Shaman_%28Brazilian_band%29"/>
<LikesMusic person="http://www.ic.unicamp.br/MC536/2013/2/rafaelcruz" rating="5" colleague="http://en.wikipedia.org/wiki/The_Offspring"/>
<LikesMusic person="http://www.ic.unicamp.br/MC536/2013/2/renatosilva" rating="5" colleague="http://en.wikipedia.org/wiki/Adele"/>
<LikesMusic person="http://www.ic.unicamp.br/MC536/2013/2/renatosilva" rating="4" colleague="http://en.wikipedia.org/wiki/Caetano_Veloso"/>
<LikesMusic person="http://www.ic.unicamp.br/MC536/2013/2/renatosilva" rating="4" colleague="http://en.wikipedia.org/wiki/Capital_Inicial"/>
<LikesMusic person="http://www.ic.unicamp.br/MC536/2013/2/renatosilva" rating="4" colleague="http://en.wikipedia.org/wiki/Djavan"/>
<LikesMusic person="http://www.ic.unicamp.br/MC536/2013/2/renatosilva" rating="4" colleague="http://en.wikipedia.org/wiki/Jota_Quest"/>
<LikesMusic person="http://www.ic.unicamp.br/MC536/2013/2/renatosilva" rating="5" colleague="http://en.wikipedia.org/wiki/Legi%C3%A3o_Urbana"/>
<LikesMusic person="http://www.ic.unicamp.br/MC536/2013/2/renatosilva" rating="4" colleague="http://en.wikipedia.org/wiki/Lulu_Santos"/>
<LikesMusic person="http://www.ic.unicamp.br/MC536/2013/2/renatosilva" rating="1" colleague="http://en.wikipedia.org/wiki/Marisa_Monte"/>
<LikesMusic person="http://www.ic.unicamp.br/MC536/2013/2/renatosilva" rating="5" colleague="http://en.wikipedia.org/wiki/Roberto_Frejat"/>
<LikesMusic person="http://www.ic.unicamp.br/MC536/2013/2/rodrigobenites" rating="4" colleague="http://en.wikipedia.org/wiki/Art_Blakey"/>
<LikesMusic person="http://www.ic.unicamp.br/MC536/2013/2/rodrigobenites" rating="4" colleague="http://en.wikipedia.org/wiki/Chick_Corea"/>
<LikesMusic person="http://www.ic.unicamp.br/MC536/2013/2/rodrigobenites" rating="5" colleague="http://en.wikipedia.org/wiki/Dizzie_Gillespie"/>
<LikesMusic person="http://www.ic.unicamp.br/MC536/2013/2/rodrigobenites" rating="4" colleague="http://en.wikipedia.org/wiki/Eric_clapton"/>
<LikesMusic person="http://www.ic.unicamp.br/MC536/2013/2/rodrigobenites" rating="5" colleague="http://en.wikipedia.org/wiki/Joao_Gilberto"/>
<LikesMusic person="http://www.ic.unicamp.br/MC536/2013/2/rodrigobenites" rating="5" colleague="http://en.wikipedia.org/wiki/Miles_Davis"/>
<LikesMusic person="http://www.ic.unicamp.br/MC536/2013/2/rodrigobenites" rating="5" colleague="http://en.wikipedia.org/wiki/Nat_King_Cole"/>
<LikesMusic person="http://www.ic.unicamp.br/MC536/2013/2/rodrigobenites" rating="4" colleague="http://en.wikipedia.org/wiki/Ray_charles"/>
<LikesMusic person="http://www.ic.unicamp.br/MC536/2013/2/rodrigobenites" rating="5" colleague="http://en.wikipedia.org/wiki/Thelonious_monk"/>
<LikesMusic person="http://www.ic.unicamp.br/MC536/2013/2/rodrigobenites" rating="4" colleague="http://en.wikipedia.org/wiki/Tom_Jobim"/>
<LikesMusic person="http://www.ic.unicamp.br/MC536/2013/2/rodrigobenites" rating="4" colleague="http://en.wikipedia.org/wiki/Willie_nelson"/>
<LikesMusic person="http://www.ic.unicamp.br/MC536/2013/2/thomazsantos" rating="4" colleague="http://en.wikipedia.org/wiki/Dire_Straits"/>
<LikesMusic person="http://www.ic.unicamp.br/MC536/2013/2/thomazsantos" rating="5" colleague="http://en.wikipedia.org/wiki/Legi%C3%A3o_Urbana"/>
<LikesMusic person="http://www.ic.unicamp.br/MC536/2013/2/thomazsantos" rating="4" colleague="http://en.wikipedia.org/wiki/Lynryd_Skynyrd"/>
<LikesMusic person="http://www.ic.unicamp.br/MC536/2013/2/thomazsantos" rating="5" colleague="http://en.wikipedia.org/wiki/Queen_(band)"/>
<LikesMusic person="http://www.ic.unicamp.br/MC536/2013/2/thomazsantos" rating="4" colleague="http://en.wikipedia.org/wiki/System_of_a_Down"/>
<LikesMusic person="http://www.ic.unicamp.br/MC536/2013/2/williamtustumi" rating="4" colleague="http://en.wikipedia.org/wiki/Acdc"/>
<LikesMusic person="http://www.ic.unicamp.br/MC536/2013/2/williamtustumi" rating="4" colleague="http://en.wikipedia.org/wiki/Artic_monkeys"/>
<LikesMusic person="http://www.ic.unicamp.br/MC536/2013/2/williamtustumi" rating="3" colleague="http://en.wikipedia.org/wiki/Barenaked_ladies"/>
<LikesMusic person="http://www.ic.unicamp.br/MC536/2013/2/williamtustumi" rating="5" colleague="http://en.wikipedia.org/wiki/Bob_Marley"/>
<LikesMusic person="http://www.ic.unicamp.br/MC536/2013/2/williamtustumi" rating="5" colleague="http://en.wikipedia.org/wiki/Erik_clapton"/>
<LikesMusic person="http://www.ic.unicamp.br/MC536/2013/2/williamtustumi" rating="5" colleague="http://en.wikipedia.org/wiki/Goldfinger_%28band%29"/>
<LikesMusic person="http://www.ic.unicamp.br/MC536/2013/2/williamtustumi" rating="5" colleague="http://en.wikipedia.org/wiki/Guns_N%27_Roses"/>
<LikesMusic person="http://www.ic.unicamp.br/MC536/2013/2/williamtustumi" rating="5" colleague="http://en.wikipedia.org/wiki/Pink_floyd"/>
<LikesMusic person="http://www.ic.unicamp.br/MC536/2013/2/williamtustumi" rating="5" colleague="http://en.wikipedia.org/wiki/Scorpions"/>
<LikesMusic person="http://www.ic.unicamp.br/MC536/2013/2/williamtustumi" rating="3" colleague="http://en.wikipedia.org/wiki/Simon_%26_Garfunkel"/>
<LikesMusic person="http://www.ic.unicamp.br/MC536/2013/2/williamtustumi" rating="4" colleague="http://en.wikipedia.org/wiki/U2"/>
<LikesMusic person="http://www.ic.unicamp.br/MC536/2013/2/yansym" rating="5" colleague="http://en.wikipedia.org/wiki/Black_Sabbath"/>
<LikesMusic person="http://www.ic.unicamp.br/MC536/2013/2/yansym" rating="5" colleague="http://en.wikipedia.org/wiki/Foo_Fighters"/>
<LikesMusic person="http://www.ic.unicamp.br/MC536/2013/2/yansym" rating="4" colleague="http://en.wikipedia.org/wiki/Green_Day"/>
<LikesMusic person="http://www.ic.unicamp.br/MC536/2013/2/yansym" rating="2" colleague="http://en.wikipedia.org/wiki/Justin_Bieber"/>
<LikesMusic person="http://www.ic.unicamp.br/MC536/2013/2/yansym" rating="1" colleague="http://en.wikipedia.org/wiki/Paramore"/>
<LikesMusic person="http://www.ic.unicamp.br/MC536/2013/2/yansym" rating="5" colleague="http://en.wikipedia.org/wiki/Red_Hot_Chili_Peppers"/>
<LikesMusic person="http://www.ic.unicamp.br/MC536/2013/2/yansym" rating="5" colleague="http://en.wikipedia.org/wiki/Sum_41"/>
</AllLikesMusic>
