<?xml version="1.0" encoding="UTF-8"?>
<Persons><Person uri="http://www.ic.unicamp.br/MC536/2013/2/luizjunior" name="luiz celso gomes junior" hometown=""/><Person uri="http://www.ic.unicamp.br/MC536/2013/2/tharinemacerau" name="tharine cohen macerau" hometown=""/><Person uri="http://www.ic.unicamp.br/MC536/2013/2/henriqueoliveira" name="henrique lima cara de oliveira" hometown=""/><Person uri="http://www.ic.unicamp.br/MC536/2013/2/danielpazinato" name="daniel vatanabe pazinato" hometown=""/><Person uri="http://www.ic.unicamp.br/MC536/2013/2/andrebrandao" name="andre nogueira brandao" hometown=""/><Person uri="http://www.ic.unicamp.br/MC536/2013/2/luizvillela" name="luiz fernando cirigliano villela" hometown=""/><Person uri="http://www.ic.unicamp.br/MC536/2013/2/rafaelcruz" name="rafael junio da cruz" hometown="Umuarama"/><Person uri="http://www.ic.unicamp.br/MC536/2013/2/gabrielfranzoni" name="gabriel rolfsen franzoni" hometown=""/><Person uri="http://www.ic.unicamp.br/MC536/2013/2/milenacosta" name="milena mayumi costa" hometown=""/><Person uri="http://www.ic.unicamp.br/MC536/2013/2/erikebesui" name="erik iussuke ebesui" hometown=""/><Person uri="http://www.ic.unicamp.br/MC536/2013/2/lucasgoncalves" name="lucas dermonde goncalves" hometown=""/><Person uri="http://www.ic.unicamp.br/MC536/2013/2/stephaneammar" name="stephane ariel jerome ammar" hometown=""/><Person uri="http://www.ic.unicamp.br/MC536/2013/2/ygorsantos" name="ygor jose maniz santos" hometown=""/><Person uri="http://www.ic.unicamp.br/MC536/2013/2/luizandia" name="luiz antonio andia" hometown=""/><Person uri="http://www.ic.unicamp.br/MC536/2013/2/felipeoliveira" name="felipe santos oliveira" hometown=""/><Person uri="http://www.ic.unicamp.br/MC536/2013/2/matheusfigueiredo" name="matheus yokoyama figueiredo" hometown=""/><Person uri="http://www.ic.unicamp.br/MC536/2013/2/fabiokubo" name="fabio harada kubo" hometown="São Paulo"/><Person uri="http://www.ic.unicamp.br/MC536/2013/2/anthonyferreira" name="anthony ferreira" hometown="Limeira"/><Person uri="http://www.ic.unicamp.br/MC536/2013/2/joaorodrigues" name="joao marcos suckow de barros rodrigues" hometown=""/><Person uri="http://www.ic.unicamp.br/MC536/2013/2/lucaspessoa" name="lucas carrilho pessoa" hometown=""/><Person uri="http://www.ic.unicamp.br/MC536/2013/2/giovannaluca" name="giovanna madella de luca" hometown=""/><Person uri="http://www.ic.unicamp.br/MC536/2013/2/josephv" name="joseph victoria lorenzo v" hometown="Matão"/><Person uri="http://www.ic.unicamp.br/MC536/2013/2/henriquegonzales" name="henrique serapiao gonzales" hometown=""/><Person uri="http://www.ic.unicamp.br/MC536/2013/2/thiagopinto" name="thiago dos santos pinto" hometown=""/><Person uri="http://www.ic.unicamp.br/MC536/2013/2/lucassouza" name="lucas borges moreira de souza" hometown="ribeirao prete"/><Person uri="http://www.ic.unicamp.br/MC536/2013/2/joaohoffmam" name="joao henrique stange hoffmam" hometown=""/><Person uri="http://www.ic.unicamp.br/MC536/2013/2/leonardosilva" name="leonardo de oliveira silva" hometown=""/><Person uri="http://www.ic.unicamp.br/MC536/2013/2/brunovilar" name="bruno siqueira campos mendonca vilar" hometown="Brasília"/><Person uri="http://www.ic.unicamp.br/MC536/2013/2/andresantanche" name="andre santanche" hometown=""/><Person uri="http://www.ic.unicamp.br/MC536/2013/2/evertonsoares" name="everton schumacker soares" hometown=""/><Person uri="http://www.ic.unicamp.br/MC536/2013/2/natanaelamendola" name="natanael torres amendola" hometown=""/><Person uri="http://www.ic.unicamp.br/MC536/2013/2/pedromendonca" name="pedro gabriel calixto mendonca" hometown=""/><Person uri="http://www.ic.unicamp.br/MC536/2013/2/tiagoferreira" name="tiago de lima ferreira" hometown=""/><Person uri="http://www.ic.unicamp.br/MC536/2013/2/gustavorocha" name="gustavo menezes rocha" hometown=""/><Person uri="http://www.ic.unicamp.br/MC536/2013/2/danilotitato" name="danilo pereira titato" hometown="Bertioga"/><Person uri="http://www.ic.unicamp.br/MC536/2013/2/andretamanaha" name="andre seiji tamanaha" hometown=""/><Person uri="http://www.ic.unicamp.br/MC536/2013/2/cezarluz" name="cezar silva nogueira luz" hometown=""/><Person uri="http://www.ic.unicamp.br/MC536/2013/2/gustavooyakawa" name="gustavo fumio oyakawa" hometown=""/><Person uri="http://www.ic.unicamp.br/MC536/2013/2/dantearaujo" name="dante augusto de araujo" hometown=""/><Person uri="http://www.ic.unicamp.br/MC536/2013/2/luisbrito" name="luis eduardo gomes do amaral brito" hometown=""/><Person uri="http://www.ic.unicamp.br/MC536/2013/2/joaodalben" name="joao henrique dalben" hometown=""/><Person uri="http://www.ic.unicamp.br/MC536/2013/2/marcoskobuchi" name="marcos massayuki kobuchi" hometown=""/><Person uri="http://www.ic.unicamp.br/MC536/2013/2/andremoraes" name="andre henrique cunha de moraes" hometown=""/><Person uri="http://www.ic.unicamp.br/MC536/2013/2/felipenovaes" name="felipe rodrigues novaes" hometown="Sorocaba"/><Person uri="http://www.ic.unicamp.br/MC536/2013/2/gabrieldivino" name="gabriel lisboa guimaraes divino" hometown=""/><Person uri="http://www.ic.unicamp.br/MC536/2013/2/thiagobalbo" name="thiago duarte balbo" hometown=""/><Person uri="http://www.ic.unicamp.br/MC536/2013/2/eduardocurado" name="eduardo gregoleti pereira curado" hometown=""/><Person uri="http://www.ic.unicamp.br/MC536/2013/2/marceloteixeira" name="marcelo abiarraj teixeira" hometown="São Paulo"/><Person uri="http://www.ic.unicamp.br/MC536/2013/2/gustavocrivelli" name="gustavo de mello crivelli" hometown="Bauru"/><Person uri="http://www.ic.unicamp.br/MC536/2013/2/allanbarboza" name="allan sapucaia barboza" hometown=""/><Person uri="http://www.ic.unicamp.br/MC536/2013/2/georgeribeiro" name="george gondim ribeiro" hometown=""/><Person uri="http://www.ic.unicamp.br/MC536/2013/2/fernandothiers" name="fernando barbosa thiers" hometown=""/><Person uri="http://www.ic.unicamp.br/MC536/2013/2/pedrobrito" name="pedro emilio machado de brito" hometown=""/><Person uri="http://www.ic.unicamp.br/MC536/2013/2/caiofinardi" name="caio cruvinel finardi" hometown=""/><Person uri="http://www.ic.unicamp.br/MC536/2013/2/nicolasassumpcao" name="nicolas riccieri gardin assumpcao" hometown="Campinas"/><Person uri="http://www.ic.unicamp.br/MC536/2013/2/fernandafantelli" name="fernanda corsetti fantelli" hometown=""/><Person uri="http://www.ic.unicamp.br/MC536/2013/2/eduardobarbosa" name="eduardo ferreira barbosa" hometown="São José dos Campos"/><Person uri="http://www.ic.unicamp.br/MC536/2013/2/caianbenedicto" name="caian benedicto" hometown=""/><Person uri="http://www.ic.unicamp.br/MC536/2013/2/viniciussartori" name="vinicius campanha sartori" hometown=""/><Person uri="http://www.ic.unicamp.br/MC536/2013/2/alissoncarvalho" name="alisson poli de carvalho" hometown=""/><Person uri="http://www.ic.unicamp.br/MC536/2013/2/leonardosorensen" name="leonardo gabriel sousa sorensen" hometown=""/><Person uri="http://www.ic.unicamp.br/MC536/2013/2/francescogarcia" name="francesco perrotti garcia" hometown=""/><Person uri="http://www.ic.unicamp.br/MC536/2013/2/nelsonjunior" name="nelson isao nauata junior" hometown=""/><Person uri="http://www.ic.unicamp.br/MC536/2013/2/victorfreitas" name="victor hochgreb de freitas" hometown=""/><Person uri="http://www.ic.unicamp.br/MC536/2013/2/rodrigobenites" name="rodrigo lacerda benites" hometown="São Paulo"/><Person uri="http://www.ic.unicamp.br/MC536/2013/2/carlosgregoreki" name="carlos gregoreki" hometown=""/><Person uri="http://www.ic.unicamp.br/MC536/2013/2/heldershimidu" name="helder shimidu" hometown=""/><Person uri="http://www.ic.unicamp.br/MC536/2013/2/erickseolin" name="erick machado seolin" hometown=""/><Person uri="http://www.ic.unicamp.br/MC536/2013/2/gustavobasso" name="gustavo rodrigues basso" hometown=""/><Person uri="http://www.ic.unicamp.br/MC536/2013/2/alyssonsouza" name="alysson jetery moreira marques de souza" hometown=""/><Person uri="http://www.ic.unicamp.br/MC536/2013/2/thalesbaumel" name="thales carvalho cremaschi baumel" hometown=""/><Person uri="http://www.ic.unicamp.br/MC536/2013/2/andreterron" name="andre vitor terron" hometown=""/><Person uri="http://www.ic.unicamp.br/MC536/2013/2/thomazsantos" name="thomaz calasans dos santos" hometown="São José dos Campos"/><Person uri="http://www.ic.unicamp.br/MC536/2013/2/andrerocha" name="andre brant rocha" hometown=""/><Person uri="http://www.ic.unicamp.br/MC536/2013/2/yansym" name="yan vianna sym" hometown="Niteroi"/><Person uri="http://www.ic.unicamp.br/MC536/2013/2/guilhermezanelato" name="guilherme costa zanelato" hometown=""/><Person uri="http://www.ic.unicamp.br/MC536/2013/2/samuelbirocchi" name="samuel mangabeira birocchi" hometown=""/><Person uri="http://www.ic.unicamp.br/MC536/2013/2/juliabeltrao" name="julia ramos beltrao" hometown=""/><Person uri="http://www.ic.unicamp.br/MC536/2013/2/thiagosantos" name="thiago yukio itagaki santos" hometown=""/><Person uri="http://www.ic.unicamp.br/MC536/2013/2/thiagomartins" name="thiago bruschi martins" hometown=""/><Person uri="http://www.ic.unicamp.br/MC536/2013/2/williamtustumi" name="william hideki azana tustumi" hometown="Campinas"/><Person uri="http://www.ic.unicamp.br/MC536/2013/2/paulobonafina" name="paulo vinicius perez bonafina" hometown=""/><Person uri="http://www.ic.unicamp.br/MC536/2013/2/rafaelcastelao" name="rafael faria castelao" hometown=""/><Person uri="http://www.ic.unicamp.br/MC536/2013/2/marcoalmada" name="marco antonio lasmar almada" hometown=""/><Person uri="http://www.ic.unicamp.br/MC536/2013/2/ruitergripp" name="ruiter rodrigues gripp" hometown=""/><Person uri="http://www.ic.unicamp.br/MC536/2013/2/murilocruz" name="murilo de lima cruz" hometown=""/><Person uri="http://www.ic.unicamp.br/MC536/2013/2/renatosilva" name="renato moraes silva" hometown="Rondonópolis"/><Person uri="http://www.ic.unicamp.br/MC536/2013/2/victorsouza" name="victor seixas souza" hometown=""/><Person uri="http://www.ic.unicamp.br/MC536/2013/2/ivoudelsmann" name="ivo udelsmann" hometown=""/><Person uri="http://www.ic.unicamp.br/MC536/2013/2/williamikedo" name="william nobuaki ikedo" hometown="São José dos Campos"/><Person uri="http://www.ic.unicamp.br/MC536/2013/2/marcosmonteiro" name="marcos felipe gomes monteiro" hometown="São José dos Campos"/><Person uri="http://www.ic.unicamp.br/MC536/2013/2/wilsonneto" name="wilson jose prata neto" hometown=""/><Person uri="http://www.ic.unicamp.br/MC536/2013/2/fernandohoyo" name="fernando luiz del hoyo" hometown=""/><Person uri="http://www.ic.unicamp.br/MC536/2013/2/lukaslopes" name="lukas antunes lopes" hometown=""/><Person uri="http://www.ic.unicamp.br/MC536/2013/2/sergiojunior" name="sergio alonso da costa junior" hometown=""/><Person uri="http://www.ic.unicamp.br/MC536/2013/2/henriquelopes" name="henrique fischer de paula lopes" hometown=""/><Person uri="http://www.ic.unicamp.br/MC536/2013/2/rodrigosilva" name="rodrigo de sousa serafim da silva" hometown=""/><Person uri="http://www.ic.unicamp.br/MC536/2013/2/ivanpetrin" name="ivan henrique costa petrin" hometown="Osasco"/><Person uri="http://www.ic.unicamp.br/MC536/2013/2/viniciusfrederico" name="vinicius andrade frederico" hometown=""/><Person uri="http://www.ic.unicamp.br/MC536/2013/2/lucasteixeira" name="lucas tadeu teixeira" hometown=""/><Person uri="http://www.ic.unicamp.br/MC536/2013/2/ricardocampos" name="ricardo oliveira de campos" hometown=""/><Person uri="http://www.ic.unicamp.br/MC536/2013/2/raphaelfranco" name="Raphael Marques Franco" hometown=""/><Person uri="http://www.ic.unicamp.br/MC536/2013/2/jorgemanjarrez" name="ALBERTO ROBLES MANJARREZ" hometown="San Pedro"/></Persons>